host_module,Gene,GeneEdgeWeight
Module_125__galactose_metabolic,B4GALT1,1.8869187027308232
Module_125__galactose_metabolic,CHST1,1.8869187027308232
Module_125__galactose_metabolic,GALE,1.8869187027308232
Module_125__galactose_metabolic,GALK1,1.8869187027308232
Module_125__galactose_metabolic,GALK2,1.8869187027308232
Module_125__galactose_metabolic,GALM,1.8869187027308232
Module_125__galactose_metabolic,GALT,1.8869187027308232
Module_125__galactose_metabolic,GLB1L,1.8869187027308232
Module_125__galactose_metabolic,GLB1L2,1.8869187027308232
Module_125__galactose_metabolic,GLB1L3,1.8869187027308232
Module_125__galactose_metabolic,PGM1,1.8869187027308232
Module_125__galactose_metabolic,SLC35A2,1.8869187027308232
Module_160__transport_urate,ABCC4,1.5023967263183537
Module_160__transport_urate,ABCG2,1.5023967263183537
Module_160__transport_urate,SLC17A1,1.5023967263183537
Module_160__transport_urate,SLC17A2,1.5023967263183537
Module_160__transport_urate,SLC17A3,1.5023967263183537
Module_160__transport_urate,SLC17A4,1.5023967263183537
Module_160__transport_urate,SLC22A12,1.5023967263183537
Module_160__transport_urate,SLC23A1,1.5023967263183537
Module_160__transport_urate,SLC2A9,1.5023967263183537
Module_160__transport_urate,UMOD,1.5023967263183537
Module_196__alanine_aspartate,ABAT,2.150317895611401
Module_196__alanine_aspartate,ADSL,2.150317895611401
Module_196__alanine_aspartate,ADSS1,2.150317895611401
Module_196__alanine_aspartate,ADSS2,2.150317895611401
Module_196__alanine_aspartate,AGXT2,2.150317895611401
Module_196__alanine_aspartate,ALDH5A1,2.150317895611401
Module_196__alanine_aspartate,ASL,2.150317895611401
Module_196__alanine_aspartate,ASNS,2.150317895611401
Module_196__alanine_aspartate,ASS1,2.150317895611401
Module_196__alanine_aspartate,CAD,2.150317895611401
Module_196__alanine_aspartate,CPS1,2.150317895611401
Module_196__alanine_aspartate,FOLH1,2.150317895611401
Module_196__alanine_aspartate,GAD1,2.150317895611401
Module_196__alanine_aspartate,GAD2,2.150317895611401
Module_196__alanine_aspartate,GFPT2,2.150317895611401
Module_196__alanine_aspartate,GLS,2.150317895611401
Module_196__alanine_aspartate,GLUD2,2.150317895611401
Module_196__alanine_aspartate,GLUL,2.150317895611401
Module_196__alanine_aspartate,GOT1L1,2.150317895611401
Module_196__alanine_aspartate,GPT,2.150317895611401
Module_196__alanine_aspartate,GPT2,2.150317895611401
Module_196__alanine_aspartate,IL4I1,2.150317895611401
Module_196__alanine_aspartate,NAT8L,2.150317895611401
Module_196__alanine_aspartate,PPAT,2.150317895611401
Module_196__alanine_aspartate,RIMKLA,2.150317895611401
Module_196__alanine_aspartate,RIMKLB,2.150317895611401
Module_1__receptor_secretion,ADA,1.334589913340493
Module_1__receptor_secretion,ADA2,1.334589913340493
Module_1__receptor_secretion,ADCY1,4.490791413796576
Module_1__receptor_secretion,ADCY10,1.334589913340493
Module_1__receptor_secretion,ADCY2,4.490791413796576
Module_1__receptor_secretion,ADCY3,4.490791413796576
Module_1__receptor_secretion,ADCY4,4.490791413796576
Module_1__receptor_secretion,ADCY5,4.490791413796576
Module_1__receptor_secretion,ADCY7,1.334589913340493
Module_1__receptor_secretion,ADCY8,4.490791413796576
Module_1__receptor_secretion,ADCY9,4.490791413796576
Module_1__receptor_secretion,ADSL,1.334589913340493
Module_1__receptor_secretion,ADSS1,1.334589913340493
Module_1__receptor_secretion,ADSS2,1.334589913340493
Module_1__receptor_secretion,AK3,1.334589913340493
Module_1__receptor_secretion,AK4,1.334589913340493
Module_1__receptor_secretion,AK7,1.334589913340493
Module_1__receptor_secretion,AK9,1.334589913340493
Module_1__receptor_secretion,ALB,4.490791413796576
Module_1__receptor_secretion,ALDH6A1,3.949001091461268
Module_1__receptor_secretion,ALLC,1.334589913340493
Module_1__receptor_secretion,ALOX5,1.4366370814095537
Module_1__receptor_secretion,AMPD2,1.334589913340493
Module_1__receptor_secretion,AMPD3,1.334589913340493
Module_1__receptor_secretion,ASGR1,4.490791413796576
Module_1__receptor_secretion,ASGR2,4.490791413796576
Module_1__receptor_secretion,ATF6B,4.490791413796576
Module_1__receptor_secretion,ATP1A1,4.490791413796576
Module_1__receptor_secretion,ATP1A2,4.490791413796576
Module_1__receptor_secretion,ATP1A3,4.490791413796576
Module_1__receptor_secretion,ATP1A4,4.490791413796576
Module_1__receptor_secretion,ATP1B1,4.490791413796576
Module_1__receptor_secretion,ATP1B2,4.490791413796576
Module_1__receptor_secretion,ATP1B4,4.490791413796576
Module_1__receptor_secretion,BMP15,1.4366370814095537
Module_1__receptor_secretion,BMP6,1.4366370814095537
Module_1__receptor_secretion,CANT1,1.334589913340493
Module_1__receptor_secretion,CANX,4.490791413796576
Module_1__receptor_secretion,CDIPT,3.949001091461268
Module_1__receptor_secretion,CREB3L1,4.490791413796576
Module_1__receptor_secretion,CREB3L2,4.490791413796576
Module_1__receptor_secretion,CREB3L3,4.490791413796576
Module_1__receptor_secretion,CREB5,4.490791413796576
Module_1__receptor_secretion,CYP11A1,1.4366370814095537
Module_1__receptor_secretion,CYP17A1,1.4366370814095537
Module_1__receptor_secretion,CYP19A1,1.4366370814095537
Module_1__receptor_secretion,CYP1A1,1.4366370814095537
Module_1__receptor_secretion,CYP1B1,1.4366370814095537
Module_1__receptor_secretion,DGUOK,1.334589913340493
Module_1__receptor_secretion,DUOX1,4.490791413796576
Module_1__receptor_secretion,DUOX2,4.490791413796576
Module_1__receptor_secretion,DUOXA2,4.490791413796576
Module_1__receptor_secretion,ENPP1,1.334589913340493
Module_1__receptor_secretion,ENPP3,1.334589913340493
Module_1__receptor_secretion,ENPP4,1.334589913340493
Module_1__receptor_secretion,ENTPD1,1.334589913340493
Module_1__receptor_secretion,ENTPD5,1.334589913340493
Module_1__receptor_secretion,FIG4,3.949001091461268
Module_1__receptor_secretion,FSHB,1.4366370814095537
Module_1__receptor_secretion,FXYD2,4.490791413796576
Module_1__receptor_secretion,GART,1.334589913340493
Module_1__receptor_secretion,GDA,1.334589913340493
Module_1__receptor_secretion,GNAQ,4.490791413796576
Module_1__receptor_secretion,GNAS,4.490791413796576
Module_1__receptor_secretion,GPX1,4.490791413796576
Module_1__receptor_secretion,GPX3,4.490791413796576
Module_1__receptor_secretion,GPX5,4.490791413796576
Module_1__receptor_secretion,GPX6,4.490791413796576
Module_1__receptor_secretion,GPX7,4.490791413796576
Module_1__receptor_secretion,GSR,4.490791413796576
Module_1__receptor_secretion,GUCY1A1,1.334589913340493
Module_1__receptor_secretion,GUCY1A2,1.334589913340493
Module_1__receptor_secretion,GUCY1B1,1.334589913340493
Module_1__receptor_secretion,GUCY2C,1.334589913340493
Module_1__receptor_secretion,GUCY2D,1.334589913340493
Module_1__receptor_secretion,GUCY2F,1.334589913340493
Module_1__receptor_secretion,HSD17B1,1.4366370814095537
Module_1__receptor_secretion,HSD17B2,1.4366370814095537
Module_1__receptor_secretion,IGF1,1.4366370814095537
Module_1__receptor_secretion,IGF1R,1.4366370814095537
Module_1__receptor_secretion,IMPDH2,1.334589913340493
Module_1__receptor_secretion,INPP1,3.949001091461268
Module_1__receptor_secretion,INPP4A,3.949001091461268
Module_1__receptor_secretion,INPP4B,3.949001091461268
Module_1__receptor_secretion,INPP5A,3.949001091461268
Module_1__receptor_secretion,INPP5B,3.949001091461268
Module_1__receptor_secretion,INPP5D,3.949001091461268
Module_1__receptor_secretion,INPP5F,3.949001091461268
Module_1__receptor_secretion,INPPL1,3.949001091461268
Module_1__receptor_secretion,INS,1.4366370814095537
Module_1__receptor_secretion,INSR,1.4366370814095537
Module_1__receptor_secretion,IP6K3,3.949001091461268
Module_1__receptor_secretion,IPMK,3.949001091461268
Module_1__receptor_secretion,IPPK,3.949001091461268
Module_1__receptor_secretion,ITPKB,3.949001091461268
Module_1__receptor_secretion,ITPKC,3.949001091461268
Module_1__receptor_secretion,ITPR1,4.490791413796576
Module_1__receptor_secretion,ITPR2,4.490791413796576
Module_1__receptor_secretion,ITPR3,4.490791413796576
Module_1__receptor_secretion,IYD,4.490791413796576
Module_1__receptor_secretion,JMJD7-PLA2G4B,1.4366370814095537
Module_1__receptor_secretion,LDLR,1.4366370814095537
Module_1__receptor_secretion,LHCGR,1.4366370814095537
Module_1__receptor_secretion,LRP2,4.490791413796576
Module_1__receptor_secretion,MINPP1,3.949001091461268
Module_1__receptor_secretion,MTM1,3.949001091461268
Module_1__receptor_secretion,MTMR1,3.949001091461268
Module_1__receptor_secretion,MTMR14,3.949001091461268
Module_1__receptor_secretion,MTMR3,3.949001091461268
Module_1__receptor_secretion,MTMR4,3.949001091461268
Module_1__receptor_secretion,MTMR6,3.949001091461268
Module_1__receptor_secretion,MTMR8,3.949001091461268
Module_1__receptor_secretion,NME3,1.334589913340493
Module_1__receptor_secretion,NME4,1.334589913340493
Module_1__receptor_secretion,NME7,1.334589913340493
Module_1__receptor_secretion,NPR1,1.334589913340493
Module_1__receptor_secretion,NPR2,1.334589913340493
Module_1__receptor_secretion,NT5C1A,1.334589913340493
Module_1__receptor_secretion,NT5C1B,1.334589913340493
Module_1__receptor_secretion,NT5C1B-RDH14,1.334589913340493
Module_1__receptor_secretion,NT5E,1.334589913340493
Module_1__receptor_secretion,NUDT16,1.334589913340493
Module_1__receptor_secretion,OCRL,3.949001091461268
Module_1__receptor_secretion,PAX8,4.490791413796576
Module_1__receptor_secretion,PDE10A,1.334589913340493
Module_1__receptor_secretion,PDE11A,1.334589913340493
Module_1__receptor_secretion,PDE1A,1.334589913340493
Module_1__receptor_secretion,PDE1C,1.334589913340493
Module_1__receptor_secretion,PDE2A,1.334589913340493
Module_1__receptor_secretion,PDE3A,1.334589913340493
Module_1__receptor_secretion,PDE4A,1.334589913340493
Module_1__receptor_secretion,PDE4B,1.334589913340493
Module_1__receptor_secretion,PDE4D,1.334589913340493
Module_1__receptor_secretion,PDE5A,1.334589913340493
Module_1__receptor_secretion,PDE6A,1.334589913340493
Module_1__receptor_secretion,PDE6B,1.334589913340493
Module_1__receptor_secretion,PDE6C,1.334589913340493
Module_1__receptor_secretion,PDE6D,1.334589913340493
Module_1__receptor_secretion,PDE9A,1.334589913340493
Module_1__receptor_secretion,PDIA4,4.490791413796576
Module_1__receptor_secretion,PGM2,1.334589913340493
Module_1__receptor_secretion,PI4KA,3.949001091461268
Module_1__receptor_secretion,PIK3C2A,3.949001091461268
Module_1__receptor_secretion,PIK3C2B,3.949001091461268
Module_1__receptor_secretion,PIK3C2G,3.949001091461268
Module_1__receptor_secretion,PIK3C3,3.949001091461268
Module_1__receptor_secretion,PIK3CA,3.949001091461268
Module_1__receptor_secretion,PIK3CD,3.949001091461268
Module_1__receptor_secretion,PIKFYVE,3.949001091461268
Module_1__receptor_secretion,PIP4K2B,3.949001091461268
Module_1__receptor_secretion,PIP4K2C,3.949001091461268
Module_1__receptor_secretion,PIP5K1A,3.949001091461268
Module_1__receptor_secretion,PIP5K1B,3.949001091461268
Module_1__receptor_secretion,PIP5KL1,3.949001091461268
Module_1__receptor_secretion,PLA2G4A,1.4366370814095537
Module_1__receptor_secretion,PLA2G4B,1.4366370814095537
Module_1__receptor_secretion,PLA2G4C,1.4366370814095537
Module_1__receptor_secretion,PLA2G4D,1.4366370814095537
Module_1__receptor_secretion,PLA2G4E,1.4366370814095537
Module_1__receptor_secretion,PLA2G4F,1.4366370814095537
Module_1__receptor_secretion,PLCB1,4.490791413796576
Module_1__receptor_secretion,PLCB2,4.490791413796576
Module_1__receptor_secretion,PLCB3,3.949001091461268
Module_1__receptor_secretion,PLCB4,4.490791413796576
Module_1__receptor_secretion,PLCD1,3.949001091461268
Module_1__receptor_secretion,PLCE1,3.949001091461268
Module_1__receptor_secretion,PLCG1,3.949001091461268
Module_1__receptor_secretion,PLCG2,3.949001091461268
Module_1__receptor_secretion,PLCH1,3.949001091461268
Module_1__receptor_secretion,PLCH2,3.949001091461268
Module_1__receptor_secretion,PLCZ1,3.949001091461268
Module_1__receptor_secretion,PPAT,1.334589913340493
Module_1__receptor_secretion,PPIP5K1,3.949001091461268
Module_1__receptor_secretion,PPIP5K2,3.949001091461268
Module_1__receptor_secretion,PRKACA,4.490791413796576
Module_1__receptor_secretion,PRKCA,4.490791413796576
Module_1__receptor_secretion,PRKCB,4.490791413796576
Module_1__receptor_secretion,PRKCG,4.490791413796576
Module_1__receptor_secretion,PRPS1,1.334589913340493
Module_1__receptor_secretion,PRPS1L1,1.334589913340493
Module_1__receptor_secretion,PRUNE1,1.334589913340493
Module_1__receptor_secretion,PTEN,3.949001091461268
Module_1__receptor_secretion,PTGS2,1.4366370814095537
Module_1__receptor_secretion,RRM1,1.334589913340493
Module_1__receptor_secretion,RRM2,1.334589913340493
Module_1__receptor_secretion,SCARB1,1.4366370814095537
Module_1__receptor_secretion,SERPINA7,4.490791413796576
Module_1__receptor_secretion,SLC26A4,4.490791413796576
Module_1__receptor_secretion,SLC5A5,4.490791413796576
Module_1__receptor_secretion,STAR,1.4366370814095537
Module_1__receptor_secretion,SYNJ1,3.949001091461268
Module_1__receptor_secretion,SYNJ2,3.949001091461268
Module_1__receptor_secretion,TG,4.490791413796576
Module_1__receptor_secretion,TPO,4.490791413796576
Module_1__receptor_secretion,TSHB,4.490791413796576
Module_1__receptor_secretion,TSHR,4.490791413796576
Module_1__receptor_secretion,TTF1,4.490791413796576
Module_1__receptor_secretion,TTF2,4.490791413796576
Module_1__receptor_secretion,TTR,4.490791413796576
Module_1__receptor_secretion,XDH,1.334589913340493
Module_20__glycosylation_biosynthetic,BCAN,1.5073079137047676
Module_20__glycosylation_biosynthetic,BGN,1.5073079137047676
Module_20__glycosylation_biosynthetic,CHPF2,1.5073079137047676
Module_20__glycosylation_biosynthetic,CHST11,1.5073079137047676
Module_20__glycosylation_biosynthetic,CHST12,1.5073079137047676
Module_20__glycosylation_biosynthetic,CHST13,1.5073079137047676
Module_20__glycosylation_biosynthetic,CHST3,1.5073079137047676
Module_20__glycosylation_biosynthetic,CHST7,1.5073079137047676
Module_20__glycosylation_biosynthetic,CHST9,1.5073079137047676
Module_20__glycosylation_biosynthetic,CHSY1,1.5073079137047676
Module_20__glycosylation_biosynthetic,CHSY3,1.5073079137047676
Module_20__glycosylation_biosynthetic,CSGALNACT1,1.5073079137047676
Module_20__glycosylation_biosynthetic,CSPG4,1.5073079137047676
Module_20__glycosylation_biosynthetic,CSPG5,1.5073079137047676
Module_20__glycosylation_biosynthetic,DCN,1.5073079137047676
Module_20__glycosylation_biosynthetic,NCAN,1.5073079137047676
Module_20__glycosylation_biosynthetic,UST,1.5073079137047676
Module_20__glycosylation_biosynthetic,VCAN,1.5073079137047676
Module_21__transport_lipid,ABCA1,1.926148295197548
Module_21__transport_lipid,ABCA3,3.0639789082794726
Module_21__transport_lipid,ABCG5,1.926148295197548
Module_21__transport_lipid,ABCG8,1.926148295197548
Module_21__transport_lipid,ABHD12,3.0639789082794726
Module_21__transport_lipid,ABHD12B,3.0639789082794726
Module_21__transport_lipid,ABHD2,3.0639789082794726
Module_21__transport_lipid,ABHD3,3.0639789082794726
Module_21__transport_lipid,ABHD6,3.0639789082794726
Module_21__transport_lipid,ABHD8,3.0639789082794726
Module_21__transport_lipid,ACSL1,3.0639789082794726
Module_21__transport_lipid,AGK,3.0639789082794726
Module_21__transport_lipid,AGPAT1,3.0639789082794726
Module_21__transport_lipid,AGPAT2,3.0639789082794726
Module_21__transport_lipid,AGPAT3,3.0639789082794726
Module_21__transport_lipid,AGPAT4,3.0639789082794726
Module_21__transport_lipid,ALOX15,3.0639789082794726
Module_21__transport_lipid,ANGPTL4,1.926148295197548
Module_21__transport_lipid,APOA1,3.0639789082794726
Module_21__transport_lipid,APOA5,3.0639789082794726
Module_21__transport_lipid,APOB,3.0639789082794726
Module_21__transport_lipid,APOBEC1,3.0639789082794726
Module_21__transport_lipid,APOC1,3.0639789082794726
Module_21__transport_lipid,APOC2,3.0639789082794726
Module_21__transport_lipid,APOC3,3.0639789082794726
Module_21__transport_lipid,APOE,3.0639789082794726
Module_21__transport_lipid,APOF,3.0639789082794726
Module_21__transport_lipid,APOH,3.0639789082794726
Module_21__transport_lipid,ATM,3.0639789082794726
Module_21__transport_lipid,AVIL,3.0639789082794726
Module_21__transport_lipid,BECN1,3.0639789082794726
Module_21__transport_lipid,BLVRA,3.0639789082794726
Module_21__transport_lipid,BMX,3.0639789082794726
Module_21__transport_lipid,C3,3.0639789082794726
Module_21__transport_lipid,CAPN2,3.0639789082794726
Module_21__transport_lipid,CAV1,3.0639789082794726
Module_21__transport_lipid,CAV3,3.0639789082794726
Module_21__transport_lipid,CD36,1.926148295197548
Module_21__transport_lipid,CHAT,3.0639789082794726
Module_21__transport_lipid,CHKA,3.0639789082794726
Module_21__transport_lipid,CHRM5,3.0639789082794726
Module_21__transport_lipid,CIDEB,3.0639789082794726
Module_21__transport_lipid,CIDEC,3.0639789082794726
Module_21__transport_lipid,CPS1,3.0639789082794726
Module_21__transport_lipid,CPT1A,3.0639789082794726
Module_21__transport_lipid,CRLS1,3.0639789082794726
Module_21__transport_lipid,CWH43,3.0639789082794726
Module_21__transport_lipid,CYP27A1,1.926148295197548
Module_21__transport_lipid,DAGLA,3.0639789082794726
Module_21__transport_lipid,DAGLB,3.0639789082794726
Module_21__transport_lipid,DDHD2,3.0639789082794726
Module_21__transport_lipid,DGAT1,3.0639789082794726
Module_21__transport_lipid,DGAT2,3.0639789082794726
Module_21__transport_lipid,DGAT2L6,3.0639789082794726
Module_21__transport_lipid,DGKA,3.0639789082794726
Module_21__transport_lipid,DGKB,3.0639789082794726
Module_21__transport_lipid,DGKD,3.0639789082794726
Module_21__transport_lipid,DGKG,3.0639789082794726
Module_21__transport_lipid,DGKI,3.0639789082794726
Module_21__transport_lipid,DGKK,3.0639789082794726
Module_21__transport_lipid,DGKQ,3.0639789082794726
Module_21__transport_lipid,DGKZ,3.0639789082794726
Module_21__transport_lipid,DPM2,3.0639789082794726
Module_21__transport_lipid,EFR3B,3.0639789082794726
Module_21__transport_lipid,ENPP2,3.0639789082794726
Module_21__transport_lipid,ENPP6,3.0639789082794726
Module_21__transport_lipid,ETNK1,3.0639789082794726
Module_21__transport_lipid,ETNK2,3.0639789082794726
Module_21__transport_lipid,FABP3,3.0639789082794726
Module_21__transport_lipid,FABP5,3.0639789082794726
Module_21__transport_lipid,FBXW7,3.0639789082794726
Module_21__transport_lipid,FIG4,3.0639789082794726
Module_21__transport_lipid,FITM2,3.0639789082794726
Module_21__transport_lipid,FUT1,3.0639789082794726
Module_21__transport_lipid,GAL3ST1,3.0639789082794726
Module_21__transport_lipid,GALR2,3.0639789082794726
Module_21__transport_lipid,GDE1,3.0639789082794726
Module_21__transport_lipid,GDPD3,3.0639789082794726
Module_21__transport_lipid,GK,3.0639789082794726
Module_21__transport_lipid,GK2,3.0639789082794726
Module_21__transport_lipid,GK5,3.0639789082794726
Module_21__transport_lipid,GNB3,3.0639789082794726
Module_21__transport_lipid,GPIHBP1,3.0639789082794726
Module_21__transport_lipid,GPLD1,3.0639789082794726
Module_21__transport_lipid,GPR82,3.0639789082794726
Module_21__transport_lipid,GPX1,3.0639789082794726
Module_21__transport_lipid,HADHA,3.0639789082794726
Module_21__transport_lipid,HTR2A,3.0639789082794726
Module_21__transport_lipid,HTR2B,3.0639789082794726
Module_21__transport_lipid,HTR2C,3.0639789082794726
Module_21__transport_lipid,INPP1,3.0639789082794726
Module_21__transport_lipid,INPP4A,3.0639789082794726
Module_21__transport_lipid,INPP4B,3.0639789082794726
Module_21__transport_lipid,INPP5A,3.0639789082794726
Module_21__transport_lipid,INPP5B,3.0639789082794726
Module_21__transport_lipid,INPP5E,3.0639789082794726
Module_21__transport_lipid,INPP5F,3.0639789082794726
Module_21__transport_lipid,INPP5J,3.0639789082794726
Module_21__transport_lipid,INPP5K,3.0639789082794726
Module_21__transport_lipid,IP6K1,3.0639789082794726
Module_21__transport_lipid,IP6K2,3.0639789082794726
Module_21__transport_lipid,IP6K3,3.0639789082794726
Module_21__transport_lipid,ITPKA,3.0639789082794726
Module_21__transport_lipid,ITPKB,3.0639789082794726
Module_21__transport_lipid,LCAT,3.0639789082794726
Module_21__transport_lipid,LDLR,3.0639789082794726
Module_21__transport_lipid,LDLRAP1,1.926148295197548
Module_21__transport_lipid,LIPA,3.0639789082794726
Module_21__transport_lipid,LIPC,3.0639789082794726
Module_21__transport_lipid,LIPE,3.0639789082794726
Module_21__transport_lipid,LIPG,3.0639789082794726
Module_21__transport_lipid,LIPH,3.0639789082794726
Module_21__transport_lipid,LMF1,3.0639789082794726
Module_21__transport_lipid,LPA,1.926148295197548
Module_21__transport_lipid,LPCAT1,3.0639789082794726
Module_21__transport_lipid,LPCAT3,3.0639789082794726
Module_21__transport_lipid,LPIN1,3.0639789082794726
Module_21__transport_lipid,LPIN2,3.0639789082794726
Module_21__transport_lipid,LPIN3,3.0639789082794726
Module_21__transport_lipid,LPL,3.0639789082794726
Module_21__transport_lipid,LRP1,1.926148295197548
Module_21__transport_lipid,LRP2,1.926148295197548
Module_21__transport_lipid,LRPAP1,1.926148295197548
Module_21__transport_lipid,LYPLA2,3.0639789082794726
Module_21__transport_lipid,MBOAT1,3.0639789082794726
Module_21__transport_lipid,MBOAT2,3.0639789082794726
Module_21__transport_lipid,MBOAT7,3.0639789082794726
Module_21__transport_lipid,MECP2,3.0639789082794726
Module_21__transport_lipid,MFSD2A,3.0639789082794726
Module_21__transport_lipid,MGLL,3.0639789082794726
Module_21__transport_lipid,MOGAT1,3.0639789082794726
Module_21__transport_lipid,MOGAT2,3.0639789082794726
Module_21__transport_lipid,MOGAT3,3.0639789082794726
Module_21__transport_lipid,MTMR1,3.0639789082794726
Module_21__transport_lipid,MTMR3,3.0639789082794726
Module_21__transport_lipid,MTMR4,3.0639789082794726
Module_21__transport_lipid,MTMR7,3.0639789082794726
Module_21__transport_lipid,MTMR8,3.0639789082794726
Module_21__transport_lipid,MYLIP,1.926148295197548
Module_21__transport_lipid,NAPEPLD,3.0639789082794726
Module_21__transport_lipid,NCEH1,1.926148295197548
Module_21__transport_lipid,NKX2-3,3.0639789082794726
Module_21__transport_lipid,NR1H2,3.0639789082794726
Module_21__transport_lipid,NR1H3,3.0639789082794726
Module_21__transport_lipid,NR1H4,3.0639789082794726
Module_21__transport_lipid,OC90,3.0639789082794726
Module_21__transport_lipid,OCRL,3.0639789082794726
Module_21__transport_lipid,OSBPL10,3.0639789082794726
Module_21__transport_lipid,OSBPL5,3.0639789082794726
Module_21__transport_lipid,PCK1,3.0639789082794726
Module_21__transport_lipid,PCK2,3.0639789082794726
Module_21__transport_lipid,PCSK9,3.0639789082794726
Module_21__transport_lipid,PCYT1A,3.0639789082794726
Module_21__transport_lipid,PCYT1B,3.0639789082794726
Module_21__transport_lipid,PCYT2,3.0639789082794726
Module_21__transport_lipid,PDGFA,3.0639789082794726
Module_21__transport_lipid,PDGFB,3.0639789082794726
Module_21__transport_lipid,PEMT,3.0639789082794726
Module_21__transport_lipid,PGAP1,3.0639789082794726
Module_21__transport_lipid,PGAP2,3.0639789082794726
Module_21__transport_lipid,PGAP3,3.0639789082794726
Module_21__transport_lipid,PGS1,3.0639789082794726
Module_21__transport_lipid,PHB2,3.0639789082794726
Module_21__transport_lipid,PI4KB,3.0639789082794726
Module_21__transport_lipid,PIGA,3.0639789082794726
Module_21__transport_lipid,PIGL,3.0639789082794726
Module_21__transport_lipid,PIGQ,3.0639789082794726
Module_21__transport_lipid,PIGS,3.0639789082794726
Module_21__transport_lipid,PIGT,3.0639789082794726
Module_21__transport_lipid,PIGV,3.0639789082794726
Module_21__transport_lipid,PIGW,3.0639789082794726
Module_21__transport_lipid,PIGX,3.0639789082794726
Module_21__transport_lipid,PIGZ,3.0639789082794726
Module_21__transport_lipid,PIK3C2A,3.0639789082794726
Module_21__transport_lipid,PIK3C2B,3.0639789082794726
Module_21__transport_lipid,PIK3CA,3.0639789082794726
Module_21__transport_lipid,PIK3CB,3.0639789082794726
Module_21__transport_lipid,PIK3CD,3.0639789082794726
Module_21__transport_lipid,PIK3R1,3.0639789082794726
Module_21__transport_lipid,PIK3R5,3.0639789082794726
Module_21__transport_lipid,PIP4K2A,3.0639789082794726
Module_21__transport_lipid,PIP4K2B,3.0639789082794726
Module_21__transport_lipid,PIP5K1A,3.0639789082794726
Module_21__transport_lipid,PIP5K1B,3.0639789082794726
Module_21__transport_lipid,PIP5K1C,3.0639789082794726
Module_21__transport_lipid,PIP5KL1,3.0639789082794726
Module_21__transport_lipid,PISD,3.0639789082794726
Module_21__transport_lipid,PITPNM1,3.0639789082794726
Module_21__transport_lipid,PITPNM2,3.0639789082794726
Module_21__transport_lipid,PITPNM3,3.0639789082794726
Module_21__transport_lipid,PLA1A,3.0639789082794726
Module_21__transport_lipid,PLA2G1B,3.0639789082794726
Module_21__transport_lipid,PLA2G2A,3.0639789082794726
Module_21__transport_lipid,PLA2G2C,3.0639789082794726
Module_21__transport_lipid,PLA2G2D,3.0639789082794726
Module_21__transport_lipid,PLA2G3,3.0639789082794726
Module_21__transport_lipid,PLA2G4A,3.0639789082794726
Module_21__transport_lipid,PLA2G4B,3.0639789082794726
Module_21__transport_lipid,PLA2G4C,3.0639789082794726
Module_21__transport_lipid,PLA2G4D,3.0639789082794726
Module_21__transport_lipid,PLA2G4E,3.0639789082794726
Module_21__transport_lipid,PLA2G4F,3.0639789082794726
Module_21__transport_lipid,PLA2G5,3.0639789082794726
Module_21__transport_lipid,PLA2G7,3.0639789082794726
Module_21__transport_lipid,PLB1,3.0639789082794726
Module_21__transport_lipid,PLCB1,3.0639789082794726
Module_21__transport_lipid,PLCB2,3.0639789082794726
Module_21__transport_lipid,PLCB4,3.0639789082794726
Module_21__transport_lipid,PLCD1,3.0639789082794726
Module_21__transport_lipid,PLCE1,3.0639789082794726
Module_21__transport_lipid,PLCG1,3.0639789082794726
Module_21__transport_lipid,PLCG2,3.0639789082794726
Module_21__transport_lipid,PLCH1,3.0639789082794726
Module_21__transport_lipid,PLCH2,3.0639789082794726
Module_21__transport_lipid,PLCL1,3.0639789082794726
Module_21__transport_lipid,PLCL2,3.0639789082794726
Module_21__transport_lipid,PLD1,3.0639789082794726
Module_21__transport_lipid,PLD2,3.0639789082794726
Module_21__transport_lipid,PLIN5,3.0639789082794726
Module_21__transport_lipid,PLTP,1.926148295197548
Module_21__transport_lipid,PNLIP,3.0639789082794726
Module_21__transport_lipid,PNLIPRP1,3.0639789082794726
Module_21__transport_lipid,PNPLA1,3.0639789082794726
Module_21__transport_lipid,PNPLA2,3.0639789082794726
Module_21__transport_lipid,PNPLA3,3.0639789082794726
Module_21__transport_lipid,PNPLA4,3.0639789082794726
Module_21__transport_lipid,PNPLA5,3.0639789082794726
Module_21__transport_lipid,PNPLA6,3.0639789082794726
Module_21__transport_lipid,PNPLA7,3.0639789082794726
Module_21__transport_lipid,PON1,3.0639789082794726
Module_21__transport_lipid,PRDX6,3.0639789082794726
Module_21__transport_lipid,PRKAA1,3.0639789082794726
Module_21__transport_lipid,PTDSS1,3.0639789082794726
Module_21__transport_lipid,PTDSS2,3.0639789082794726
Module_21__transport_lipid,PTPN11,3.0639789082794726
Module_21__transport_lipid,PTPRQ,3.0639789082794726
Module_21__transport_lipid,SCARB1,3.0639789082794726
Module_21__transport_lipid,SERINC2,3.0639789082794726
Module_21__transport_lipid,SERINC5,3.0639789082794726
Module_21__transport_lipid,SERPINA12,3.0639789082794726
Module_21__transport_lipid,SH3YL1,3.0639789082794726
Module_21__transport_lipid,SLC22A4,3.0639789082794726
Module_21__transport_lipid,SLC27A1,3.0639789082794726
Module_21__transport_lipid,SLC44A1,3.0639789082794726
Module_21__transport_lipid,SLC44A2,3.0639789082794726
Module_21__transport_lipid,SLC44A3,3.0639789082794726
Module_21__transport_lipid,SLC44A4,3.0639789082794726
Module_21__transport_lipid,SOAT1,1.926148295197548
Module_21__transport_lipid,SOAT2,1.926148295197548
Module_21__transport_lipid,SORL1,3.0639789082794726
Module_21__transport_lipid,SORT1,1.926148295197548
Module_21__transport_lipid,SPATA18,3.0639789082794726
Module_21__transport_lipid,SREBF1,3.0639789082794726
Module_21__transport_lipid,STAR,1.926148295197548
Module_21__transport_lipid,STARD3,1.926148295197548
Module_21__transport_lipid,SYNJ2,3.0639789082794726
Module_21__transport_lipid,TBL1XR1,3.0639789082794726
Module_21__transport_lipid,THRSP,3.0639789082794726
Module_21__transport_lipid,TNFAIP8L3,3.0639789082794726
Module_21__transport_lipid,TNXB,3.0639789082794726
Module_21__transport_lipid,TPTE2,3.0639789082794726
Module_21__transport_lipid,TTC7A,3.0639789082794726
Module_21__transport_lipid,TTC7B,3.0639789082794726
Module_21__transport_lipid,UVRAG,3.0639789082794726
Module_21__transport_lipid,VAC14,3.0639789082794726
Module_21__transport_lipid,VDAC1,1.926148295197548
Module_32__development_morphogenesis,BMP4,1.756175305149035
Module_32__development_morphogenesis,ESR1,1.756175305149035
Module_32__development_morphogenesis,FGF1,1.756175305149035
Module_32__development_morphogenesis,FGF10,1.756175305149035
Module_32__development_morphogenesis,FGFR2,1.756175305149035
Module_32__development_morphogenesis,HNF1B,1.756175305149035
Module_32__development_morphogenesis,HOXD13,1.756175305149035
Module_32__development_morphogenesis,NKD1,1.756175305149035
Module_32__development_morphogenesis,PPP2R3A,1.756175305149035
Module_32__development_morphogenesis,PTK7,1.756175305149035
Module_32__development_morphogenesis,SFRP1,1.756175305149035
Module_32__development_morphogenesis,SFRP2,1.756175305149035
Module_32__development_morphogenesis,SHH,1.756175305149035
Module_32__development_morphogenesis,SIX1,1.756175305149035
Module_32__development_morphogenesis,SOX9,1.756175305149035
Module_32__development_morphogenesis,SPRY1,1.756175305149035
Module_32__development_morphogenesis,SPRY2,1.756175305149035
Module_32__development_morphogenesis,TFAP2C,1.756175305149035
Module_32__development_morphogenesis,TNC,1.756175305149035
Module_32__development_morphogenesis,VANGL2,1.756175305149035
Module_32__development_morphogenesis,WNT11,1.756175305149035
Module_32__development_morphogenesis,WNT3A,1.756175305149035
Module_32__development_morphogenesis,WNT5A,1.756175305149035
Module_32__development_morphogenesis,YAP1,1.756175305149035
Module_3__growth_development,ABCA2,9.92891225163916
Module_3__growth_development,ABCC8,9.92891225163916
Module_3__growth_development,ABL1,9.92891225163916
Module_3__growth_development,ADORA2A,9.92891225163916
Module_3__growth_development,AGER,9.92891225163916
Module_3__growth_development,AKT1,9.92891225163916
Module_3__growth_development,AKT2,9.92891225163916
Module_3__growth_development,ANO1,9.92891225163916
Module_3__growth_development,APCDD1,9.92891225163916
Module_3__growth_development,ARHGEF10,9.92891225163916
Module_3__growth_development,ARSG,9.92891225163916
Module_3__growth_development,ASCL1,9.92891225163916
Module_3__growth_development,ASCL2,9.92891225163916
Module_3__growth_development,ATOH1,9.92891225163916
Module_3__growth_development,ATP1B2,9.92891225163916
Module_3__growth_development,ATXN1,9.92891225163916
Module_3__growth_development,B4GALT6,9.92891225163916
Module_3__growth_development,BIN1,9.92891225163916
Module_3__growth_development,BMP2,9.92891225163916
Module_3__growth_development,BNIP3,9.92891225163916
Module_3__growth_development,C1QA,9.92891225163916
Module_3__growth_development,CCDC85C,9.92891225163916
Module_3__growth_development,CCL2,9.92891225163916
Module_3__growth_development,CD9,9.92891225163916
Module_3__growth_development,CDH2,9.92891225163916
Module_3__growth_development,CDK5,9.92891225163916
Module_3__growth_development,CDK5R1,9.92891225163916
Module_3__growth_development,CDK5R2,9.92891225163916
Module_3__growth_development,CDK6,9.92891225163916
Module_3__growth_development,CHRM1,9.92891225163916
Module_3__growth_development,CLCF1,9.92891225163916
Module_3__growth_development,CLU,9.92891225163916
Module_3__growth_development,CNP,9.92891225163916
Module_3__growth_development,CNTF,9.92891225163916
Module_3__growth_development,CNTN1,9.92891225163916
Module_3__growth_development,CNTN2,9.92891225163916
Module_3__growth_development,CNTNAP1,9.92891225163916
Module_3__growth_development,COL3A1,9.92891225163916
Module_3__growth_development,COL6A1,9.92891225163916
Module_3__growth_development,CRB1,9.92891225163916
Module_3__growth_development,CSF1,9.92891225163916
Module_3__growth_development,CSF1R,9.92891225163916
Module_3__growth_development,CSK,9.92891225163916
Module_3__growth_development,CSPG4,9.92891225163916
Module_3__growth_development,CSPG5,9.92891225163916
Module_3__growth_development,CUL4B,9.92891225163916
Module_3__growth_development,CX3CL1,9.92891225163916
Module_3__growth_development,CX3CR1,9.92891225163916
Module_3__growth_development,DAAM2,9.92891225163916
Module_3__growth_development,DAB1,9.92891225163916
Module_3__growth_development,DAB2IP,9.92891225163916
Module_3__growth_development,DAG1,9.92891225163916
Module_3__growth_development,DICER1,9.92891225163916
Module_3__growth_development,DISC1,9.92891225163916
Module_3__growth_development,DLG5,9.92891225163916
Module_3__growth_development,DLL1,9.92891225163916
Module_3__growth_development,DLX1,9.92891225163916
Module_3__growth_development,DLX2,9.92891225163916
Module_3__growth_development,DNER,9.92891225163916
Module_3__growth_development,DRD1,9.92891225163916
Module_3__growth_development,DRD3,9.92891225163916
Module_3__growth_development,DTX1,9.92891225163916
Module_3__growth_development,DUSP10,9.92891225163916
Module_3__growth_development,EEF2,9.92891225163916
Module_3__growth_development,EGR2,9.92891225163916
Module_3__growth_development,EIF2B3,9.92891225163916
Module_3__growth_development,EIF2B5,9.92891225163916
Module_3__growth_development,EMX1,9.92891225163916
Module_3__growth_development,EOMES,9.92891225163916
Module_3__growth_development,EPHA4,9.92891225163916
Module_3__growth_development,EPM2A,9.92891225163916
Module_3__growth_development,ERBB2,9.92891225163916
Module_3__growth_development,ERBB3,9.92891225163916
Module_3__growth_development,ERCC2,9.92891225163916
Module_3__growth_development,ETV5,9.92891225163916
Module_3__growth_development,EZH2,9.92891225163916
Module_3__growth_development,F2,9.92891225163916
Module_3__growth_development,FA2H,9.92891225163916
Module_3__growth_development,FGF10,9.92891225163916
Module_3__growth_development,FGF2,9.92891225163916
Module_3__growth_development,FGF5,9.92891225163916
Module_3__growth_development,FKRP,9.92891225163916
Module_3__growth_development,FOXG1,9.92891225163916
Module_3__growth_development,FPR2,9.92891225163916
Module_3__growth_development,FYN,9.92891225163916
Module_3__growth_development,GAP43,9.92891225163916
Module_3__growth_development,GCM1,9.92891225163916
Module_3__growth_development,GCM2,9.92891225163916
Module_3__growth_development,GFAP,9.92891225163916
Module_3__growth_development,GLI3,9.92891225163916
Module_3__growth_development,GPC1,9.92891225163916
Module_3__growth_development,GPM6B,9.92891225163916
Module_3__growth_development,GPR17,9.92891225163916
Module_3__growth_development,GRB2,9.92891225163916
Module_3__growth_development,GRN,9.92891225163916
Module_3__growth_development,GSTP1,9.92891225163916
Module_3__growth_development,GSX2,9.92891225163916
Module_3__growth_development,HDAC1,9.92891225163916
Module_3__growth_development,HES5,9.92891225163916
Module_3__growth_development,HMGA2,9.92891225163916
Module_3__growth_development,ID4,9.92891225163916
Module_3__growth_development,IFNG,9.92891225163916
Module_3__growth_development,IFNGR1,9.92891225163916
Module_3__growth_development,IGF1,9.92891225163916
Module_3__growth_development,IL1B,9.92891225163916
Module_3__growth_development,IL34,9.92891225163916
Module_3__growth_development,IL6,9.92891225163916
Module_3__growth_development,ILK,9.92891225163916
Module_3__growth_development,ITGB4,9.92891225163916
Module_3__growth_development,KCNJ10,9.92891225163916
Module_3__growth_development,LAMA2,9.92891225163916
Module_3__growth_development,LAMB1,9.92891225163916
Module_3__growth_development,LAMB2,9.92891225163916
Module_3__growth_development,LAMC3,9.92891225163916
Module_3__growth_development,LDLR,9.92891225163916
Module_3__growth_development,LEF1,9.92891225163916
Module_3__growth_development,LEPR,9.92891225163916
Module_3__growth_development,LGI4,9.92891225163916
Module_3__growth_development,LIF,9.92891225163916
Module_3__growth_development,LPAR1,9.92891225163916
Module_3__growth_development,LRP1,9.92891225163916
Module_3__growth_development,LRP2,9.92891225163916
Module_3__growth_development,LRP8,9.92891225163916
Module_3__growth_development,LTA,9.92891225163916
Module_3__growth_development,LYN,9.92891225163916
Module_3__growth_development,MAG,9.92891225163916
Module_3__growth_development,MAL,9.92891225163916
Module_3__growth_development,MAP2K2,9.92891225163916
Module_3__growth_development,MAPK3,9.92891225163916
Module_3__growth_development,MAPT,9.92891225163916
Module_3__growth_development,MATN2,9.92891225163916
Module_3__growth_development,MBOAT7,9.92891225163916
Module_3__growth_development,MECP2,9.92891225163916
Module_3__growth_development,METRN,9.92891225163916
Module_3__growth_development,MIR125B1,9.92891225163916
Module_3__growth_development,MIR181C,9.92891225163916
Module_3__growth_development,MIR221,9.92891225163916
Module_3__growth_development,MIR222,9.92891225163916
Module_3__growth_development,MIR26A1,9.92891225163916
Module_3__growth_development,MMP14,9.92891225163916
Module_3__growth_development,MTOR,9.92891225163916
Module_3__growth_development,MXRA8,9.92891225163916
Module_3__growth_development,MYB,9.92891225163916
Module_3__growth_development,MYOC,9.92891225163916
Module_3__growth_development,NAB2,9.92891225163916
Module_3__growth_development,NAGLU,9.92891225163916
Module_3__growth_development,NDN,9.92891225163916
Module_3__growth_development,NDP,9.92891225163916
Module_3__growth_development,NDRG1,9.92891225163916
Module_3__growth_development,NDUFS2,9.92891225163916
Module_3__growth_development,NEGR1,9.92891225163916
Module_3__growth_development,NEUROD4,9.92891225163916
Module_3__growth_development,NF1,9.92891225163916
Module_3__growth_development,NF2,9.92891225163916
Module_3__growth_development,NFE2L1,9.92891225163916
Module_3__growth_development,NFIA,9.92891225163916
Module_3__growth_development,NFIB,9.92891225163916
Module_3__growth_development,NKX2-1,9.92891225163916
Module_3__growth_development,NKX2-2,9.92891225163916
Module_3__growth_development,NKX6-1,9.92891225163916
Module_3__growth_development,NKX6-2,9.92891225163916
Module_3__growth_development,NOTCH1,9.92891225163916
Module_3__growth_development,NR1D1,9.92891225163916
Module_3__growth_development,NR2E1,9.92891225163916
Module_3__growth_development,NR3C1,9.92891225163916
Module_3__growth_development,NTN1,9.92891225163916
Module_3__growth_development,NTRK2,9.92891225163916
Module_3__growth_development,NTRK3,9.92891225163916
Module_3__growth_development,OLIG1,9.92891225163916
Module_3__growth_development,OLIG2,9.92891225163916
Module_3__growth_development,P2RX4,9.92891225163916
Module_3__growth_development,P2RY1,9.92891225163916
Module_3__growth_development,PARD3,9.92891225163916
Module_3__growth_development,PAX2,9.92891225163916
Module_3__growth_development,PAX6,9.92891225163916
Module_3__growth_development,PENK,9.92891225163916
Module_3__growth_development,PFKFB3,9.92891225163916
Module_3__growth_development,PHGDH,9.92891225163916
Module_3__growth_development,PHOX2B,9.92891225163916
Module_3__growth_development,PITX3,9.92891225163916
Module_3__growth_development,PLAG1,9.92891225163916
Module_3__growth_development,PLP1,9.92891225163916
Module_3__growth_development,POU3F1,9.92891225163916
Module_3__growth_development,POU3F2,9.92891225163916
Module_3__growth_development,PPP1CC,9.92891225163916
Module_3__growth_development,PRDM8,9.92891225163916
Module_3__growth_development,PRKCH,9.92891225163916
Module_3__growth_development,PRX,9.92891225163916
Module_3__growth_development,PTN,9.92891225163916
Module_3__growth_development,PTPN11,9.92891225163916
Module_3__growth_development,PTPRB,9.92891225163916
Module_3__growth_development,PTPRJ,9.92891225163916
Module_3__growth_development,PTPRZ1,9.92891225163916
Module_3__growth_development,RELA,9.92891225163916
Module_3__growth_development,RELN,9.92891225163916
Module_3__growth_development,RNF10,9.92891225163916
Module_3__growth_development,RNF112,9.92891225163916
Module_3__growth_development,ROR1,9.92891225163916
Module_3__growth_development,RRAS,9.92891225163916
Module_3__growth_development,RTN4,9.92891225163916
Module_3__growth_development,S100A8,9.92891225163916
Module_3__growth_development,S100A9,9.92891225163916
Module_3__growth_development,S100B,9.92891225163916
Module_3__growth_development,SCRIB,9.92891225163916
Module_3__growth_development,SERPINE2,9.92891225163916
Module_3__growth_development,SH3TC2,9.92891225163916
Module_3__growth_development,SHH,9.92891225163916
Module_3__growth_development,SKI,9.92891225163916
Module_3__growth_development,SLC45A3,9.92891225163916
Module_3__growth_development,SLC7A5,9.92891225163916
Module_3__growth_development,SLC8A3,9.92891225163916
Module_3__growth_development,SMO,9.92891225163916
Module_3__growth_development,SOCS7,9.92891225163916
Module_3__growth_development,SOD1,9.92891225163916
Module_3__growth_development,SOX1,9.92891225163916
Module_3__growth_development,SOX10,9.92891225163916
Module_3__growth_development,SOX11,9.92891225163916
Module_3__growth_development,SOX13,9.92891225163916
Module_3__growth_development,SOX2,9.92891225163916
Module_3__growth_development,SOX6,9.92891225163916
Module_3__growth_development,SOX8,9.92891225163916
Module_3__growth_development,SOX9,9.92891225163916
Module_3__growth_development,SPINT1,9.92891225163916
Module_3__growth_development,SRGAP2,9.92891225163916
Module_3__growth_development,STAT3,9.92891225163916
Module_3__growth_development,SYNE2,9.92891225163916
Module_3__growth_development,TAL1,9.92891225163916
Module_3__growth_development,TGFB2,9.92891225163916
Module_3__growth_development,TLR2,9.92891225163916
Module_3__growth_development,TLR4,9.92891225163916
Module_3__growth_development,TMEM98,9.92891225163916
Module_3__growth_development,TNF,9.92891225163916
Module_3__growth_development,TNFRSF1B,9.92891225163916
Module_3__growth_development,TP53,9.92891225163916
Module_3__growth_development,TP73,9.92891225163916
Module_3__growth_development,TPPP,9.92891225163916
Module_3__growth_development,TREM2,9.92891225163916
Module_3__growth_development,TRPC4,9.92891225163916
Module_3__growth_development,TSPAN2,9.92891225163916
Module_3__growth_development,TTBK1,9.92891225163916
Module_3__growth_development,TUBA1A,9.92891225163916
Module_3__growth_development,VAX1,9.92891225163916
Module_3__growth_development,VCAN,9.92891225163916
Module_3__growth_development,VEGFC,9.92891225163916
Module_3__growth_development,VIM,9.92891225163916
Module_3__growth_development,VPS13A,9.92891225163916
Module_3__growth_development,VPS54,9.92891225163916
Module_3__growth_development,VTN,9.92891225163916
Module_3__growth_development,WASF3,9.92891225163916
Module_3__growth_development,WDR1,9.92891225163916
Module_3__growth_development,ZEB2,9.92891225163916
Module_3__growth_development,ZMIZ1,9.92891225163916
Module_3__growth_development,ZNF365,9.92891225163916
Module_3__growth_development,ZNF488,9.92891225163916
Module_4__collagen_organization,A2M,3.567745955366255
Module_4__collagen_organization,ACAN,3.567745955366255
Module_4__collagen_organization,ADAMTS1,3.567745955366255
Module_4__collagen_organization,ADAMTS16,3.567745955366255
Module_4__collagen_organization,ADAMTS18,3.567745955366255
Module_4__collagen_organization,ADAMTS4,3.567745955366255
Module_4__collagen_organization,ADAMTS5,3.567745955366255
Module_4__collagen_organization,ADAMTS8,3.567745955366255
Module_4__collagen_organization,ADAMTS9,3.567745955366255
Module_4__collagen_organization,BCAN,3.567745955366255
Module_4__collagen_organization,CAPN1,3.567745955366255
Module_4__collagen_organization,CAPN10,3.567745955366255
Module_4__collagen_organization,CAPN11,3.567745955366255
Module_4__collagen_organization,CAPN12,3.567745955366255
Module_4__collagen_organization,CAPN13,3.567745955366255
Module_4__collagen_organization,CAPN14,3.567745955366255
Module_4__collagen_organization,CAPN2,3.567745955366255
Module_4__collagen_organization,CAPN5,3.567745955366255
Module_4__collagen_organization,CAPN6,3.567745955366255
Module_4__collagen_organization,CAPN8,3.567745955366255
Module_4__collagen_organization,CAPN9,3.567745955366255
Module_4__collagen_organization,CMA1,3.567745955366255
Module_4__collagen_organization,COL11A1,3.567745955366255
Module_4__collagen_organization,COL11A2,3.567745955366255
Module_4__collagen_organization,COL12A1,3.567745955366255
Module_4__collagen_organization,COL13A1,3.567745955366255
Module_4__collagen_organization,COL14A1,3.567745955366255
Module_4__collagen_organization,COL15A1,3.567745955366255
Module_4__collagen_organization,COL16A1,3.567745955366255
Module_4__collagen_organization,COL17A1,3.567745955366255
Module_4__collagen_organization,COL19A1,3.567745955366255
Module_4__collagen_organization,COL1A1,3.567745955366255
Module_4__collagen_organization,COL1A2,3.567745955366255
Module_4__collagen_organization,COL23A1,3.567745955366255
Module_4__collagen_organization,COL25A1,3.567745955366255
Module_4__collagen_organization,COL4A1,3.567745955366255
Module_4__collagen_organization,COL4A2,3.567745955366255
Module_4__collagen_organization,COL4A3,3.567745955366255
Module_4__collagen_organization,COL4A4,3.567745955366255
Module_4__collagen_organization,COL4A6,3.567745955366255
Module_4__collagen_organization,COL5A1,3.567745955366255
Module_4__collagen_organization,COL5A2,3.567745955366255
Module_4__collagen_organization,COL5A3,3.567745955366255
Module_4__collagen_organization,COL6A1,3.567745955366255
Module_4__collagen_organization,COL6A2,3.567745955366255
Module_4__collagen_organization,COL6A3,3.567745955366255
Module_4__collagen_organization,COL6A6,3.567745955366255
Module_4__collagen_organization,COL7A1,3.567745955366255
Module_4__collagen_organization,COL8A1,3.567745955366255
Module_4__collagen_organization,COL8A2,3.567745955366255
Module_4__collagen_organization,COL9A1,3.567745955366255
Module_4__collagen_organization,COL9A2,3.567745955366255
Module_4__collagen_organization,COL9A3,3.567745955366255
Module_4__collagen_organization,CTSB,3.567745955366255
Module_4__collagen_organization,CTSD,3.567745955366255
Module_4__collagen_organization,CTSG,3.567745955366255
Module_4__collagen_organization,CTSK,3.567745955366255
Module_4__collagen_organization,CTSS,3.567745955366255
Module_4__collagen_organization,DCN,3.567745955366255
Module_4__collagen_organization,ELANE,3.567745955366255
Module_4__collagen_organization,ELN,3.567745955366255
Module_4__collagen_organization,FBN1,3.567745955366255
Module_4__collagen_organization,FBN2,3.567745955366255
Module_4__collagen_organization,FBN3,3.567745955366255
Module_4__collagen_organization,FURIN,3.567745955366255
Module_4__collagen_organization,HTRA1,3.567745955366255
Module_4__collagen_organization,KLK2,3.567745955366255
Module_4__collagen_organization,KLK7,3.567745955366255
Module_4__collagen_organization,KLKB1,3.567745955366255
Module_4__collagen_organization,LAMA3,3.567745955366255
Module_4__collagen_organization,LAMA5,3.567745955366255
Module_4__collagen_organization,LAMB1,3.567745955366255
Module_4__collagen_organization,LAMB3,3.567745955366255
Module_4__collagen_organization,LAMC1,3.567745955366255
Module_4__collagen_organization,LAMC2,3.567745955366255
Module_4__collagen_organization,MMP1,3.567745955366255
Module_4__collagen_organization,MMP10,3.567745955366255
Module_4__collagen_organization,MMP13,3.567745955366255
Module_4__collagen_organization,MMP14,3.567745955366255
Module_4__collagen_organization,MMP16,3.567745955366255
Module_4__collagen_organization,MMP17,3.567745955366255
Module_4__collagen_organization,MMP19,3.567745955366255
Module_4__collagen_organization,MMP2,3.567745955366255
Module_4__collagen_organization,MMP25,3.567745955366255
Module_4__collagen_organization,MMP3,3.567745955366255
Module_4__collagen_organization,MMP7,3.567745955366255
Module_4__collagen_organization,MMP8,3.567745955366255
Module_4__collagen_organization,MMP9,3.567745955366255
Module_4__collagen_organization,NID1,3.567745955366255
Module_4__collagen_organization,OPTC,3.567745955366255
Module_4__collagen_organization,PRSS1,3.567745955366255
Module_4__collagen_organization,SCUBE1,3.567745955366255
Module_4__collagen_organization,SCUBE3,3.567745955366255
Module_4__collagen_organization,SPOCK3,3.567745955366255
Module_4__collagen_organization,TIMP2,3.567745955366255
Module_4__collagen_organization,TLL1,3.567745955366255
Module_4__collagen_organization,TLL2,3.567745955366255
Module_4__collagen_organization,TMPRSS6,3.567745955366255
Module_52__metabolic_biosynthetic,ALDH2,2.6276428084897177
Module_52__metabolic_biosynthetic,ATP7A,2.6276428084897177
Module_52__metabolic_biosynthetic,DAO,2.6276428084897177
Module_52__metabolic_biosynthetic,DBH,2.6276428084897177
Module_52__metabolic_biosynthetic,DDC,2.6276428084897177
Module_52__metabolic_biosynthetic,GATA3,2.6276428084897177
Module_52__metabolic_biosynthetic,GCH1,2.6276428084897177
Module_52__metabolic_biosynthetic,GPR37,2.6276428084897177
Module_52__metabolic_biosynthetic,HAND2,2.6276428084897177
Module_52__metabolic_biosynthetic,HDC,2.6276428084897177
Module_52__metabolic_biosynthetic,INSM1,2.6276428084897177
Module_52__metabolic_biosynthetic,KL,2.6276428084897177
Module_52__metabolic_biosynthetic,MOXD1,2.6276428084897177
Module_52__metabolic_biosynthetic,NR4A2,2.6276428084897177
Module_52__metabolic_biosynthetic,NT5DC2,2.6276428084897177
Module_52__metabolic_biosynthetic,PAH,2.6276428084897177
Module_52__metabolic_biosynthetic,PARK7,2.6276428084897177
Module_52__metabolic_biosynthetic,SLC6A3,2.6276428084897177
Module_52__metabolic_biosynthetic,SNCA,2.6276428084897177
Module_52__metabolic_biosynthetic,TGFB2,2.6276428084897177
Module_52__metabolic_biosynthetic,TH,2.6276428084897177
Module_60__metabolic_catabolic,AACS,1.980317140921151
Module_60__metabolic_catabolic,ABCD1,1.980317140921151
Module_60__metabolic_catabolic,ABCD3,1.980317140921151
Module_60__metabolic_catabolic,ABCD4,1.980317140921151
Module_60__metabolic_catabolic,ABHD1,1.980317140921151
Module_60__metabolic_catabolic,ABHD12,1.980317140921151
Module_60__metabolic_catabolic,ABHD2,1.980317140921151
Module_60__metabolic_catabolic,ABHD3,1.980317140921151
Module_60__metabolic_catabolic,ABHD6,1.980317140921151
Module_60__metabolic_catabolic,ACACA,1.980317140921151
Module_60__metabolic_catabolic,ACACB,1.980317140921151
Module_60__metabolic_catabolic,ACAD10,1.980317140921151
Module_60__metabolic_catabolic,ACADL,1.980317140921151
Module_60__metabolic_catabolic,ACADS,1.980317140921151
Module_60__metabolic_catabolic,ACADVL,1.980317140921151
Module_60__metabolic_catabolic,ACAT2,1.980317140921151
Module_60__metabolic_catabolic,ACBD4,1.980317140921151
Module_60__metabolic_catabolic,ACBD5,1.980317140921151
Module_60__metabolic_catabolic,ACLY,1.980317140921151
Module_60__metabolic_catabolic,ACOT11,1.980317140921151
Module_60__metabolic_catabolic,ACOT12,1.980317140921151
Module_60__metabolic_catabolic,ACOT7,1.980317140921151
Module_60__metabolic_catabolic,ACOT8,1.980317140921151
Module_60__metabolic_catabolic,ACOX1,1.980317140921151
Module_60__metabolic_catabolic,ACOX2,1.980317140921151
Module_60__metabolic_catabolic,ACOX3,1.980317140921151
Module_60__metabolic_catabolic,ACOXL,1.980317140921151
Module_60__metabolic_catabolic,ACSBG1,1.980317140921151
Module_60__metabolic_catabolic,ACSF2,1.980317140921151
Module_60__metabolic_catabolic,ACSF3,1.980317140921151
Module_60__metabolic_catabolic,ACSL1,1.980317140921151
Module_60__metabolic_catabolic,ACSL4,1.980317140921151
Module_60__metabolic_catabolic,ACSL5,1.980317140921151
Module_60__metabolic_catabolic,ACSL6,1.980317140921151
Module_60__metabolic_catabolic,ACSM4,1.980317140921151
Module_60__metabolic_catabolic,ACSM5,1.980317140921151
Module_60__metabolic_catabolic,ACSS1,1.980317140921151
Module_60__metabolic_catabolic,ACSS2,1.980317140921151
Module_60__metabolic_catabolic,ACTN3,1.6788492015794698
Module_60__metabolic_catabolic,ADH4,1.980317140921151
Module_60__metabolic_catabolic,ADH5,1.980317140921151
Module_60__metabolic_catabolic,ADIPOQ,1.980317140921151
Module_60__metabolic_catabolic,ADIPOR1,1.980317140921151
Module_60__metabolic_catabolic,ADPGK,1.6788492015794698
Module_60__metabolic_catabolic,AIG1,1.980317140921151
Module_60__metabolic_catabolic,AKR1B1,1.980317140921151
Module_60__metabolic_catabolic,AKT1,1.980317140921151
Module_60__metabolic_catabolic,AKT2,1.980317140921151
Module_60__metabolic_catabolic,ALDH1L2,1.980317140921151
Module_60__metabolic_catabolic,ALDOA,1.6788492015794698
Module_60__metabolic_catabolic,ALDOB,1.6788492015794698
Module_60__metabolic_catabolic,ALDOC,1.6788492015794698
Module_60__metabolic_catabolic,ALKBH7,1.980317140921151
Module_60__metabolic_catabolic,ALOX12,1.980317140921151
Module_60__metabolic_catabolic,ALOX12B,1.980317140921151
Module_60__metabolic_catabolic,ALOX15,1.980317140921151
Module_60__metabolic_catabolic,ALOX15B,1.980317140921151
Module_60__metabolic_catabolic,ALOX5,1.980317140921151
Module_60__metabolic_catabolic,ALOXE3,1.980317140921151
Module_60__metabolic_catabolic,ANGPTL4,1.980317140921151
Module_60__metabolic_catabolic,ANKRD23,1.980317140921151
Module_60__metabolic_catabolic,AOAH,1.980317140921151
Module_60__metabolic_catabolic,APOA5,1.980317140921151
Module_60__metabolic_catabolic,APOC1,1.980317140921151
Module_60__metabolic_catabolic,APOC2,1.980317140921151
Module_60__metabolic_catabolic,APOC3,1.980317140921151
Module_60__metabolic_catabolic,ARL2,1.6788492015794698
Module_60__metabolic_catabolic,ARNT,1.6788492015794698
Module_60__metabolic_catabolic,ASAH1,1.980317140921151
Module_60__metabolic_catabolic,ATP6V1B1,1.980317140921151
Module_60__metabolic_catabolic,AUH,1.980317140921151
Module_60__metabolic_catabolic,AVP,1.980317140921151
Module_60__metabolic_catabolic,AVPR1A,1.980317140921151
Module_60__metabolic_catabolic,BAAT,1.980317140921151
Module_60__metabolic_catabolic,BCKDK,1.980317140921151
Module_60__metabolic_catabolic,BLVRA,1.980317140921151
Module_60__metabolic_catabolic,BPGM,1.6788492015794698
Module_60__metabolic_catabolic,C3,1.980317140921151
Module_60__metabolic_catabolic,CAV1,1.980317140921151
Module_60__metabolic_catabolic,CBFA2T3,1.6788492015794698
Module_60__metabolic_catabolic,CBR1,1.980317140921151
Module_60__metabolic_catabolic,CBR4,1.980317140921151
Module_60__metabolic_catabolic,CD36,1.980317140921151
Module_60__metabolic_catabolic,CD74,1.980317140921151
Module_60__metabolic_catabolic,CES1,1.980317140921151
Module_60__metabolic_catabolic,COL6A1,1.6788492015794698
Module_60__metabolic_catabolic,COMT,1.980317140921151
Module_60__metabolic_catabolic,CPT1A,1.980317140921151
Module_60__metabolic_catabolic,CPT1B,1.980317140921151
Module_60__metabolic_catabolic,CPT1C,1.980317140921151
Module_60__metabolic_catabolic,CPT2,1.980317140921151
Module_60__metabolic_catabolic,CRAT,1.980317140921151
Module_60__metabolic_catabolic,CRYL1,1.980317140921151
Module_60__metabolic_catabolic,CTHRC1,1.980317140921151
Module_60__metabolic_catabolic,CYGB,1.980317140921151
Module_60__metabolic_catabolic,CYP1A1,1.980317140921151
Module_60__metabolic_catabolic,CYP1A2,1.980317140921151
Module_60__metabolic_catabolic,CYP1B1,1.980317140921151
Module_60__metabolic_catabolic,CYP2B6,1.980317140921151
Module_60__metabolic_catabolic,CYP2C18,1.980317140921151
Module_60__metabolic_catabolic,CYP2C19,1.980317140921151
Module_60__metabolic_catabolic,CYP2C9,1.980317140921151
Module_60__metabolic_catabolic,CYP2E1,1.980317140921151
Module_60__metabolic_catabolic,CYP2F1,1.980317140921151
Module_60__metabolic_catabolic,CYP2S1,1.980317140921151
Module_60__metabolic_catabolic,CYP2U1,1.980317140921151
Module_60__metabolic_catabolic,CYP4F11,1.980317140921151
Module_60__metabolic_catabolic,CYP4F2,1.980317140921151
Module_60__metabolic_catabolic,CYP4F3,1.980317140921151
Module_60__metabolic_catabolic,CYP4F8,1.980317140921151
Module_60__metabolic_catabolic,DAGLA,1.980317140921151
Module_60__metabolic_catabolic,DAGLB,1.980317140921151
Module_60__metabolic_catabolic,DCAF5,1.980317140921151
Module_60__metabolic_catabolic,DEGS1,1.980317140921151
Module_60__metabolic_catabolic,DGAT2,1.980317140921151
Module_60__metabolic_catabolic,ECH1,1.980317140921151
Module_60__metabolic_catabolic,ECHDC1,1.980317140921151
Module_60__metabolic_catabolic,ECHDC2,1.980317140921151
Module_60__metabolic_catabolic,EDN1,1.980317140921151
Module_60__metabolic_catabolic,EDN2,1.980317140921151
Module_60__metabolic_catabolic,ELOVL2,1.980317140921151
Module_60__metabolic_catabolic,ELOVL3,1.980317140921151
Module_60__metabolic_catabolic,ELOVL4,1.980317140921151
Module_60__metabolic_catabolic,ELOVL5,1.980317140921151
Module_60__metabolic_catabolic,ELOVL6,1.980317140921151
Module_60__metabolic_catabolic,ELOVL7,1.980317140921151
Module_60__metabolic_catabolic,ENO1,1.6788492015794698
Module_60__metabolic_catabolic,EPHX1,1.980317140921151
Module_60__metabolic_catabolic,ERLIN1,1.980317140921151
Module_60__metabolic_catabolic,ETFB,1.980317140921151
Module_60__metabolic_catabolic,FA2H,1.980317140921151
Module_60__metabolic_catabolic,FAAH2,1.980317140921151
Module_60__metabolic_catabolic,FABP3,1.980317140921151
Module_60__metabolic_catabolic,FABP5,1.980317140921151
Module_60__metabolic_catabolic,FADS1,1.980317140921151
Module_60__metabolic_catabolic,FADS2,1.980317140921151
Module_60__metabolic_catabolic,FADS6,1.980317140921151
Module_60__metabolic_catabolic,FASN,1.980317140921151
Module_60__metabolic_catabolic,FBP1,1.6788492015794698
Module_60__metabolic_catabolic,FKRP,1.6788492015794698
Module_60__metabolic_catabolic,FLCN,1.6788492015794698
Module_60__metabolic_catabolic,FMO1,1.980317140921151
Module_60__metabolic_catabolic,FMO2,1.980317140921151
Module_60__metabolic_catabolic,FOXK1,1.6788492015794698
Module_60__metabolic_catabolic,FOXK2,1.6788492015794698
Module_60__metabolic_catabolic,GALK1,1.6788492015794698
Module_60__metabolic_catabolic,GAPDHS,1.6788492015794698
Module_60__metabolic_catabolic,GCK,1.6788492015794698
Module_60__metabolic_catabolic,GDF15,1.980317140921151
Module_60__metabolic_catabolic,GGT1,1.980317140921151
Module_60__metabolic_catabolic,GHSR,1.980317140921151
Module_60__metabolic_catabolic,GIP,1.980317140921151
Module_60__metabolic_catabolic,GIT1,1.6788492015794698
Module_60__metabolic_catabolic,GLYATL2,1.980317140921151
Module_60__metabolic_catabolic,GPD1,1.6788492015794698
Module_60__metabolic_catabolic,GPIHBP1,1.980317140921151
Module_60__metabolic_catabolic,GPR87,1.6788492015794698
Module_60__metabolic_catabolic,GPX1,1.980317140921151
Module_60__metabolic_catabolic,GSTM2,1.980317140921151
Module_60__metabolic_catabolic,GSTM4,1.980317140921151
Module_60__metabolic_catabolic,GSTP1,1.980317140921151
Module_60__metabolic_catabolic,HADH,1.980317140921151
Module_60__metabolic_catabolic,HADHA,1.980317140921151
Module_60__metabolic_catabolic,HAO1,1.980317140921151
Module_60__metabolic_catabolic,HAO2,1.980317140921151
Module_60__metabolic_catabolic,HDAC4,1.6788492015794698
Module_60__metabolic_catabolic,HK1,1.6788492015794698
Module_60__metabolic_catabolic,HK2,1.6788492015794698
Module_60__metabolic_catabolic,HK3,1.6788492015794698
Module_60__metabolic_catabolic,HPGD,1.980317140921151
Module_60__metabolic_catabolic,HSD17B10,1.980317140921151
Module_60__metabolic_catabolic,HSD17B12,1.980317140921151
Module_60__metabolic_catabolic,HSD17B8,1.980317140921151
Module_60__metabolic_catabolic,HTR2A,1.6788492015794698
Module_60__metabolic_catabolic,IFNG,1.6788492015794698
Module_60__metabolic_catabolic,IGF1,1.6788492015794698
Module_60__metabolic_catabolic,IL1B,1.980317140921151
Module_60__metabolic_catabolic,INS,1.980317140921151
Module_60__metabolic_catabolic,INSR,1.6788492015794698
Module_60__metabolic_catabolic,IRS1,1.980317140921151
Module_60__metabolic_catabolic,IRS2,1.980317140921151
Module_60__metabolic_catabolic,KAT2B,1.980317140921151
Module_60__metabolic_catabolic,KLHL25,1.980317140921151
Module_60__metabolic_catabolic,LDHA,1.6788492015794698
Module_60__metabolic_catabolic,LDHAL6A,1.6788492015794698
Module_60__metabolic_catabolic,LDHB,1.6788492015794698
Module_60__metabolic_catabolic,LDHC,1.6788492015794698
Module_60__metabolic_catabolic,LEP,1.980317140921151
Module_60__metabolic_catabolic,LIPA,1.980317140921151
Module_60__metabolic_catabolic,LIPC,1.980317140921151
Module_60__metabolic_catabolic,LIPG,1.980317140921151
Module_60__metabolic_catabolic,LONP2,1.980317140921151
Module_60__metabolic_catabolic,LPIN1,1.980317140921151
Module_60__metabolic_catabolic,LPIN2,1.980317140921151
Module_60__metabolic_catabolic,LPIN3,1.980317140921151
Module_60__metabolic_catabolic,LPL,1.980317140921151
Module_60__metabolic_catabolic,LTC4S,1.980317140921151
Module_60__metabolic_catabolic,LYPLA1,1.980317140921151
Module_60__metabolic_catabolic,LYPLA2,1.980317140921151
Module_60__metabolic_catabolic,MAPK14,1.980317140921151
Module_60__metabolic_catabolic,ME1,1.6788492015794698
Module_60__metabolic_catabolic,ME3,1.6788492015794698
Module_60__metabolic_catabolic,MECR,1.980317140921151
Module_60__metabolic_catabolic,MFSD2A,1.980317140921151
Module_60__metabolic_catabolic,MGLL,1.980317140921151
Module_60__metabolic_catabolic,MID1IP1,1.980317140921151
Module_60__metabolic_catabolic,MIR204,1.980317140921151
Module_60__metabolic_catabolic,MIR766,1.980317140921151
Module_60__metabolic_catabolic,MIR96,1.980317140921151
Module_60__metabolic_catabolic,MLST8,1.6788492015794698
Module_60__metabolic_catabolic,MLXIPL,1.980317140921151
Module_60__metabolic_catabolic,MORC2,1.980317140921151
Module_60__metabolic_catabolic,MTOR,1.6788492015794698
Module_60__metabolic_catabolic,NCOR1,1.980317140921151
Module_60__metabolic_catabolic,NFE2L1,1.980317140921151
Module_60__metabolic_catabolic,NR1H2,1.980317140921151
Module_60__metabolic_catabolic,NR1H3,1.980317140921151
Module_60__metabolic_catabolic,NUDT8,1.980317140921151
Module_60__metabolic_catabolic,NUPR1,1.6788492015794698
Module_60__metabolic_catabolic,OGDH,1.6788492015794698
Module_60__metabolic_catabolic,OGDHL,1.6788492015794698
Module_60__metabolic_catabolic,OLAH,1.980317140921151
Module_60__metabolic_catabolic,OXSM,1.980317140921151
Module_60__metabolic_catabolic,P2RX7,1.6788492015794698
Module_60__metabolic_catabolic,PCCA,1.980317140921151
Module_60__metabolic_catabolic,PCCB,1.980317140921151
Module_60__metabolic_catabolic,PCK1,1.980317140921151
Module_60__metabolic_catabolic,PCK2,1.980317140921151
Module_60__metabolic_catabolic,PDHX,1.6788492015794698
Module_60__metabolic_catabolic,PDK2,1.980317140921151
Module_60__metabolic_catabolic,PDK3,1.980317140921151
Module_60__metabolic_catabolic,PDK4,1.980317140921151
Module_60__metabolic_catabolic,PDP1,1.980317140921151
Module_60__metabolic_catabolic,PER2,1.980317140921151
Module_60__metabolic_catabolic,PEX7,1.980317140921151
Module_60__metabolic_catabolic,PFKFB1,1.6788492015794698
Module_60__metabolic_catabolic,PFKFB2,1.6788492015794698
Module_60__metabolic_catabolic,PFKFB3,1.6788492015794698
Module_60__metabolic_catabolic,PFKFB4,1.6788492015794698
Module_60__metabolic_catabolic,PFKP,1.6788492015794698
Module_60__metabolic_catabolic,PGAM2,1.6788492015794698
Module_60__metabolic_catabolic,PGM1,1.6788492015794698
Module_60__metabolic_catabolic,PKLR,1.6788492015794698
Module_60__metabolic_catabolic,PLA2G1B,1.980317140921151
Module_60__metabolic_catabolic,PLA2G3,1.980317140921151
Module_60__metabolic_catabolic,PLA2G4A,1.980317140921151
Module_60__metabolic_catabolic,PLA2G4B,1.980317140921151
Module_60__metabolic_catabolic,PLA2G4C,1.980317140921151
Module_60__metabolic_catabolic,PLA2G4D,1.980317140921151
Module_60__metabolic_catabolic,PLA2G4F,1.980317140921151
Module_60__metabolic_catabolic,PLA2G5,1.980317140921151
Module_60__metabolic_catabolic,PLIN5,1.980317140921151
Module_60__metabolic_catabolic,PLP1,1.980317140921151
Module_60__metabolic_catabolic,PM20D1,1.980317140921151
Module_60__metabolic_catabolic,PNLIP,1.980317140921151
Module_60__metabolic_catabolic,PNLIPRP1,1.980317140921151
Module_60__metabolic_catabolic,PNPLA3,1.980317140921151
Module_60__metabolic_catabolic,POR,1.980317140921151
Module_60__metabolic_catabolic,PPARD,1.980317140921151
Module_60__metabolic_catabolic,PPARG,1.980317140921151
Module_60__metabolic_catabolic,PPARGC1A,1.980317140921151
Module_60__metabolic_catabolic,PRKAA1,1.980317140921151
Module_60__metabolic_catabolic,PRKACA,1.6788492015794698
Module_60__metabolic_catabolic,PRKAG2,1.980317140921151
Module_60__metabolic_catabolic,PRKAG3,1.980317140921151
Module_60__metabolic_catabolic,PRKAR2B,1.980317140921151
Module_60__metabolic_catabolic,PTGDS,1.980317140921151
Module_60__metabolic_catabolic,PTGIS,1.980317140921151
Module_60__metabolic_catabolic,PTGR2,1.980317140921151
Module_60__metabolic_catabolic,PTGS2,1.980317140921151
Module_60__metabolic_catabolic,RPTOR,1.6788492015794698
Module_60__metabolic_catabolic,SCAP,1.980317140921151
Module_60__metabolic_catabolic,SCD,1.980317140921151
Module_60__metabolic_catabolic,SCD5,1.980317140921151
Module_60__metabolic_catabolic,SCP2,1.980317140921151
Module_60__metabolic_catabolic,SDS,1.6788492015794698
Module_60__metabolic_catabolic,SESN2,1.980317140921151
Module_60__metabolic_catabolic,SIRT6,1.6788492015794698
Module_60__metabolic_catabolic,SLC16A1,1.6788492015794698
Module_60__metabolic_catabolic,SLC16A3,1.6788492015794698
Module_60__metabolic_catabolic,SLC27A1,1.980317140921151
Module_60__metabolic_catabolic,SLC27A3,1.980317140921151
Module_60__metabolic_catabolic,SLC27A4,1.980317140921151
Module_60__metabolic_catabolic,SLC27A6,1.980317140921151
Module_60__metabolic_catabolic,SLC45A3,1.980317140921151
Module_60__metabolic_catabolic,SLC4A1,1.6788492015794698
Module_60__metabolic_catabolic,SLC4A4,1.6788492015794698
Module_60__metabolic_catabolic,SNCA,1.980317140921151
Module_60__metabolic_catabolic,SOX9,1.980317140921151
Module_60__metabolic_catabolic,SRC,1.6788492015794698
Module_60__metabolic_catabolic,SREBF1,1.980317140921151
Module_60__metabolic_catabolic,STAT3,1.6788492015794698
Module_60__metabolic_catabolic,TBXAS1,1.980317140921151
Module_60__metabolic_catabolic,TECR,1.980317140921151
Module_60__metabolic_catabolic,TECRL,1.980317140921151
Module_60__metabolic_catabolic,THEM4,1.980317140921151
Module_60__metabolic_catabolic,THNSL2,1.980317140921151
Module_60__metabolic_catabolic,TMEM135,1.980317140921151
Module_60__metabolic_catabolic,TNFRSF1A,1.980317140921151
Module_60__metabolic_catabolic,TNXB,1.980317140921151
Module_60__metabolic_catabolic,TPK1,1.980317140921151
Module_60__metabolic_catabolic,TREX1,1.980317140921151
Module_60__metabolic_catabolic,TRIM63,1.6788492015794698
Module_60__metabolic_catabolic,TWIST1,1.980317140921151
Module_60__metabolic_catabolic,UBR4,1.980317140921151
Module_60__metabolic_catabolic,UCHL1,1.6788492015794698
Module_60__metabolic_catabolic,UCP2,1.6788492015794698
Module_60__metabolic_catabolic,UCP3,1.980317140921151
Module_60__metabolic_catabolic,UGT1A1,1.980317140921151
Module_60__metabolic_catabolic,UGT1A10,1.980317140921151
Module_60__metabolic_catabolic,UGT1A3,1.980317140921151
Module_60__metabolic_catabolic,UGT1A4,1.980317140921151
Module_60__metabolic_catabolic,UGT1A6,1.980317140921151
Module_60__metabolic_catabolic,UGT1A7,1.980317140921151
Module_60__metabolic_catabolic,UGT1A8,1.980317140921151
Module_60__metabolic_catabolic,UGT1A9,1.980317140921151
Module_60__metabolic_catabolic,WDTC1,1.980317140921151
Module_60__metabolic_catabolic,XPO4,1.6788492015794698
Module_60__metabolic_catabolic,YAP1,1.6788492015794698
Module_60__metabolic_catabolic,ZBTB20,1.6788492015794698
Module_60__metabolic_catabolic,ZBTB7A,1.6788492015794698
Module_72__amino_catabolic,ABCB11,2.2263575735952688
Module_72__amino_catabolic,ABCC9,2.2263575735952688
Module_72__amino_catabolic,ABCD1,2.2263575735952688
Module_72__amino_catabolic,ABCD2,2.2263575735952688
Module_72__amino_catabolic,ABCD3,2.2263575735952688
Module_72__amino_catabolic,ABCD4,2.2263575735952688
Module_72__amino_catabolic,ACAA1,2.2263575735952688
Module_72__amino_catabolic,ACAA2,2.2263575735952688
Module_72__amino_catabolic,ACACB,2.2263575735952688
Module_72__amino_catabolic,ACAD10,2.2263575735952688
Module_72__amino_catabolic,ACAD11,2.2263575735952688
Module_72__amino_catabolic,ACADL,2.2263575735952688
Module_72__amino_catabolic,ACOX1,2.2263575735952688
Module_72__amino_catabolic,ACOX3,2.2263575735952688
Module_72__amino_catabolic,ACOXL,2.2263575735952688
Module_72__amino_catabolic,ACSM1,2.2263575735952688
Module_72__amino_catabolic,ADH5,2.2263575735952688
Module_72__amino_catabolic,ADH7,2.2263575735952688
Module_72__amino_catabolic,ADIPOR2,2.2263575735952688
Module_72__amino_catabolic,AKT1,2.2263575735952688
Module_72__amino_catabolic,AKT2,2.2263575735952688
Module_72__amino_catabolic,ALOX15,2.2263575735952688
Module_72__amino_catabolic,AMACR,2.2263575735952688
Module_72__amino_catabolic,APPL2,2.2263575735952688
Module_72__amino_catabolic,AUH,2.2263575735952688
Module_72__amino_catabolic,CPT1A,2.2263575735952688
Module_72__amino_catabolic,CPT1B,2.2263575735952688
Module_72__amino_catabolic,CPT2,2.2263575735952688
Module_72__amino_catabolic,CRAT,2.2263575735952688
Module_72__amino_catabolic,CROT,2.2263575735952688
Module_72__amino_catabolic,DECR1,2.2263575735952688
Module_72__amino_catabolic,DGAT2,2.2263575735952688
Module_72__amino_catabolic,ECHDC2,2.2263575735952688
Module_72__amino_catabolic,ECI1,2.2263575735952688
Module_72__amino_catabolic,ECI2,2.2263575735952688
Module_72__amino_catabolic,EHHADH,2.2263575735952688
Module_72__amino_catabolic,ETFB,2.2263575735952688
Module_72__amino_catabolic,ETFBKMT,2.2263575735952688
Module_72__amino_catabolic,ETFDH,2.2263575735952688
Module_72__amino_catabolic,FMO1,2.2263575735952688
Module_72__amino_catabolic,FMO2,2.2263575735952688
Module_72__amino_catabolic,FMO4,2.2263575735952688
Module_72__amino_catabolic,GDF15,2.2263575735952688
Module_72__amino_catabolic,HACL1,2.2263575735952688
Module_72__amino_catabolic,HADHA,2.2263575735952688
Module_72__amino_catabolic,HADHB,2.2263575735952688
Module_72__amino_catabolic,HAO1,2.2263575735952688
Module_72__amino_catabolic,HSD17B4,2.2263575735952688
Module_72__amino_catabolic,IRS1,2.2263575735952688
Module_72__amino_catabolic,KLHL25,2.2263575735952688
Module_72__amino_catabolic,LONP2,2.2263575735952688
Module_72__amino_catabolic,MAPK14,2.2263575735952688
Module_72__amino_catabolic,PDK4,2.2263575735952688
Module_72__amino_catabolic,PEX13,2.2263575735952688
Module_72__amino_catabolic,PEX2,2.2263575735952688
Module_72__amino_catabolic,PEX5,2.2263575735952688
Module_72__amino_catabolic,PEX7,2.2263575735952688
Module_72__amino_catabolic,PHYH,2.2263575735952688
Module_72__amino_catabolic,PLIN5,2.2263575735952688
Module_72__amino_catabolic,POR,2.2263575735952688
Module_72__amino_catabolic,PPARA,2.2263575735952688
Module_72__amino_catabolic,PPARD,2.2263575735952688
Module_72__amino_catabolic,PPARGC1A,2.2263575735952688
Module_72__amino_catabolic,PRKAA1,2.2263575735952688
Module_72__amino_catabolic,PRKAG2,2.2263575735952688
Module_72__amino_catabolic,SLC27A2,2.2263575735952688
Module_72__amino_catabolic,SOX9,2.2263575735952688
Module_72__amino_catabolic,TYSND1,2.2263575735952688
