Genus,Microbe_Direction,MicrobeScore,Obj2_Pathway,Functional_Class,Comparison,Evidence_Score,FDR,Hits,LinkScore,host_module,Match_Score,Evidence_Score_Obj2,genes,p.adjust,Biological_Label,ModuleWeight,n_pathways,ChainScore,microbe_e01,path_e01,match_e01,modw_e01,TripletConfidence
Thermococcus,Tumor_up,23.11954687407791,Alanine Metabolism,AminoAcid_or_Nitrogen,Tumor_vs_Adjacent,3,1.0,1.0,69.35864062223372,Module_1__receptor_secretion,80.0,3,ADA;ADA2;ADCY1;ADCY10;ADCY2;ADCY3;ADCY4;ADCY5;ADCY7;ADCY8;ADCY9;ADSL;ADSS1;ADSS2;AK3;AK4;AK7;AK9;ALLC;AMPD2;AMPD3;CANT1;DGUOK;ENPP1;ENPP3;ENPP4;ENTPD1;ENTPD5;GART;GDA;GUCY1A1;GUCY1A2;GUCY1B1;GUCY2C;GUCY2D;GUCY2F;IMPDH2;NME3;NME4;NME7;NPR1;NPR2;NT5C1A;NT5C1B;NT5C1B-RDH14;NT5E;NUDT16;PDE10A;PDE11A;PDE1A;PDE1C;PDE2A;PDE3A;PDE4A;PDE4B;PDE4D;PDE5A;PDE6A;PDE6B;PDE6C;PDE6D;PDE9A;PGM2;PPAT;PRPS1;PRPS1L1;PRUNE1;RRM1;RRM2;XDH,0.0462817835238852,receptor secretion,5.556828061699537,258,308.3312324247695,1.0,0.0,0.38181818181818217,1.0,0.4827636363636364
Thermococcus,Tumor_up,23.11954687407791,Betaine Metabolism,AminoAcid_or_Nitrogen,Tumor_vs_Adjacent,3,1.0,2.0,69.35864062223372,Module_1__receptor_secretion,80.0,3,ADA;ADA2;ADCY1;ADCY10;ADCY2;ADCY3;ADCY4;ADCY5;ADCY7;ADCY8;ADCY9;ADSL;ADSS1;ADSS2;AK3;AK4;AK7;AK9;ALLC;AMPD2;AMPD3;CANT1;DGUOK;ENPP1;ENPP3;ENPP4;ENTPD1;ENTPD5;GART;GDA;GUCY1A1;GUCY1A2;GUCY1B1;GUCY2C;GUCY2D;GUCY2F;IMPDH2;NME3;NME4;NME7;NPR1;NPR2;NT5C1A;NT5C1B;NT5C1B-RDH14;NT5E;NUDT16;PDE10A;PDE11A;PDE1A;PDE1C;PDE2A;PDE3A;PDE4A;PDE4B;PDE4D;PDE5A;PDE6A;PDE6B;PDE6C;PDE6D;PDE9A;PGM2;PPAT;PRPS1;PRPS1L1;PRUNE1;RRM1;RRM2;XDH,0.0462817835238852,receptor secretion,5.556828061699537,258,308.3312324247695,1.0,0.0,0.38181818181818217,1.0,0.4827636363636364
Thermococcus,Tumor_up,23.11954687407791,Caffeine Metabolism,AminoAcid_or_Nitrogen,Tumor_vs_Adjacent,3,1.0,4.0,69.35864062223372,Module_1__receptor_secretion,77.77777777777777,3,ADA;ADA2;ADCY1;ADCY10;ADCY2;ADCY3;ADCY4;ADCY5;ADCY7;ADCY8;ADCY9;ADSL;ADSS1;ADSS2;AK3;AK4;AK7;AK9;ALLC;AMPD2;AMPD3;CANT1;DGUOK;ENPP1;ENPP3;ENPP4;ENTPD1;ENTPD5;GART;GDA;GUCY1A1;GUCY1A2;GUCY1B1;GUCY2C;GUCY2D;GUCY2F;IMPDH2;NME3;NME4;NME7;NPR1;NPR2;NT5C1A;NT5C1B;NT5C1B-RDH14;NT5E;NUDT16;PDE10A;PDE11A;PDE1A;PDE1C;PDE2A;PDE3A;PDE4A;PDE4B;PDE4D;PDE5A;PDE6A;PDE6B;PDE6C;PDE6D;PDE9A;PGM2;PPAT;PRPS1;PRPS1L1;PRUNE1;RRM1;RRM2;XDH,0.0462817835238852,receptor secretion,5.556828061699537,258,299.7664759685258,1.0,0.0,0.141414141414141,1.0,0.4558383838383838
Thermococcus,Tumor_up,23.11954687407791,Biotin Metabolism,AminoAcid_or_Nitrogen,Tumor_vs_Adjacent,3,1.0,2.0,69.35864062223372,Module_1__receptor_secretion,76.47058823529412,3,ADA;ADA2;ADCY1;ADCY10;ADCY2;ADCY3;ADCY4;ADCY5;ADCY7;ADCY8;ADCY9;ADSL;ADSS1;ADSS2;AK3;AK4;AK7;AK9;ALLC;AMPD2;AMPD3;CANT1;DGUOK;ENPP1;ENPP3;ENPP4;ENTPD1;ENTPD5;GART;GDA;GUCY1A1;GUCY1A2;GUCY1B1;GUCY2C;GUCY2D;GUCY2F;IMPDH2;NME3;NME4;NME7;NPR1;NPR2;NT5C1A;NT5C1B;NT5C1B-RDH14;NT5E;NUDT16;PDE10A;PDE11A;PDE1A;PDE1C;PDE2A;PDE3A;PDE4A;PDE4B;PDE4D;PDE5A;PDE6A;PDE6B;PDE6C;PDE6D;PDE9A;PGM2;PPAT;PRPS1;PRPS1L1;PRUNE1;RRM1;RRM2;XDH,0.0462817835238852,receptor secretion,5.556828061699537,258,294.72838393544134,1.0,0.0,0.0,1.0,0.44000000000000006
Emergencia,Adjacent_up,20.6550028931498,Alanine Metabolism,AminoAcid_or_Nitrogen,Tumor_vs_Adjacent,3,1.0,1.0,61.9650086794494,Module_1__receptor_secretion,80.0,3,ADA;ADA2;ADCY1;ADCY10;ADCY2;ADCY3;ADCY4;ADCY5;ADCY7;ADCY8;ADCY9;ADSL;ADSS1;ADSS2;AK3;AK4;AK7;AK9;ALLC;AMPD2;AMPD3;CANT1;DGUOK;ENPP1;ENPP3;ENPP4;ENTPD1;ENTPD5;GART;GDA;GUCY1A1;GUCY1A2;GUCY1B1;GUCY2C;GUCY2D;GUCY2F;IMPDH2;NME3;NME4;NME7;NPR1;NPR2;NT5C1A;NT5C1B;NT5C1B-RDH14;NT5E;NUDT16;PDE10A;PDE11A;PDE1A;PDE1C;PDE2A;PDE3A;PDE4A;PDE4B;PDE4D;PDE5A;PDE6A;PDE6B;PDE6C;PDE6D;PDE9A;PGM2;PPAT;PRPS1;PRPS1L1;PRUNE1;RRM1;RRM2;XDH,0.0462817835238852,receptor secretion,5.556828061699537,258,275.46311925873584,0.8833050729912636,0.0,0.38181818181818217,1.0,0.4568955536347179
Emergencia,Adjacent_up,20.6550028931498,Betaine Metabolism,AminoAcid_or_Nitrogen,Tumor_vs_Adjacent,3,1.0,2.0,61.9650086794494,Module_1__receptor_secretion,80.0,3,ADA;ADA2;ADCY1;ADCY10;ADCY2;ADCY3;ADCY4;ADCY5;ADCY7;ADCY8;ADCY9;ADSL;ADSS1;ADSS2;AK3;AK4;AK7;AK9;ALLC;AMPD2;AMPD3;CANT1;DGUOK;ENPP1;ENPP3;ENPP4;ENTPD1;ENTPD5;GART;GDA;GUCY1A1;GUCY1A2;GUCY1B1;GUCY2C;GUCY2D;GUCY2F;IMPDH2;NME3;NME4;NME7;NPR1;NPR2;NT5C1A;NT5C1B;NT5C1B-RDH14;NT5E;NUDT16;PDE10A;PDE11A;PDE1A;PDE1C;PDE2A;PDE3A;PDE4A;PDE4B;PDE4D;PDE5A;PDE6A;PDE6B;PDE6C;PDE6D;PDE9A;PGM2;PPAT;PRPS1;PRPS1L1;PRUNE1;RRM1;RRM2;XDH,0.0462817835238852,receptor secretion,5.556828061699537,258,275.46311925873584,0.8833050729912636,0.0,0.38181818181818217,1.0,0.4568955536347179
Emergencia,Adjacent_up,20.6550028931498,Caffeine Metabolism,AminoAcid_or_Nitrogen,Tumor_vs_Adjacent,3,1.0,4.0,61.9650086794494,Module_1__receptor_secretion,77.77777777777777,3,ADA;ADA2;ADCY1;ADCY10;ADCY2;ADCY3;ADCY4;ADCY5;ADCY7;ADCY8;ADCY9;ADSL;ADSS1;ADSS2;AK3;AK4;AK7;AK9;ALLC;AMPD2;AMPD3;CANT1;DGUOK;ENPP1;ENPP3;ENPP4;ENTPD1;ENTPD5;GART;GDA;GUCY1A1;GUCY1A2;GUCY1B1;GUCY2C;GUCY2D;GUCY2F;IMPDH2;NME3;NME4;NME7;NPR1;NPR2;NT5C1A;NT5C1B;NT5C1B-RDH14;NT5E;NUDT16;PDE10A;PDE11A;PDE1A;PDE1C;PDE2A;PDE3A;PDE4A;PDE4B;PDE4D;PDE5A;PDE6A;PDE6B;PDE6C;PDE6D;PDE9A;PGM2;PPAT;PRPS1;PRPS1L1;PRUNE1;RRM1;RRM2;XDH,0.0462817835238852,receptor secretion,5.556828061699537,258,267.81136594599315,0.8833050729912636,0.0,0.141414141414141,1.0,0.42862371237598273
Emergencia,Adjacent_up,20.6550028931498,Biotin Metabolism,AminoAcid_or_Nitrogen,Tumor_vs_Adjacent,3,1.0,2.0,61.9650086794494,Module_1__receptor_secretion,76.47058823529412,3,ADA;ADA2;ADCY1;ADCY10;ADCY2;ADCY3;ADCY4;ADCY5;ADCY7;ADCY8;ADCY9;ADSL;ADSS1;ADSS2;AK3;AK4;AK7;AK9;ALLC;AMPD2;AMPD3;CANT1;DGUOK;ENPP1;ENPP3;ENPP4;ENTPD1;ENTPD5;GART;GDA;GUCY1A1;GUCY1A2;GUCY1B1;GUCY2C;GUCY2D;GUCY2F;IMPDH2;NME3;NME4;NME7;NPR1;NPR2;NT5C1A;NT5C1B;NT5C1B-RDH14;NT5E;NUDT16;PDE10A;PDE11A;PDE1A;PDE1C;PDE2A;PDE3A;PDE4A;PDE4B;PDE4D;PDE5A;PDE6A;PDE6B;PDE6C;PDE6D;PDE9A;PGM2;PPAT;PRPS1;PRPS1L1;PRUNE1;RRM1;RRM2;XDH,0.0462817835238852,receptor secretion,5.556828061699537,258,263.3103345855563,0.8833050729912636,0.0,0.0,1.0,0.4119932175179032
Streptomyces,Tumor_up,19.1650563481703,Alanine Metabolism,AminoAcid_or_Nitrogen,Tumor_vs_Adjacent,3,1.0,1.0,57.4951690445109,Module_1__receptor_secretion,80.0,3,ADA;ADA2;ADCY1;ADCY10;ADCY2;ADCY3;ADCY4;ADCY5;ADCY7;ADCY8;ADCY9;ADSL;ADSS1;ADSS2;AK3;AK4;AK7;AK9;ALLC;AMPD2;AMPD3;CANT1;DGUOK;ENPP1;ENPP3;ENPP4;ENTPD1;ENTPD5;GART;GDA;GUCY1A1;GUCY1A2;GUCY1B1;GUCY2C;GUCY2D;GUCY2F;IMPDH2;NME3;NME4;NME7;NPR1;NPR2;NT5C1A;NT5C1B;NT5C1B-RDH14;NT5E;NUDT16;PDE10A;PDE11A;PDE1A;PDE1C;PDE2A;PDE3A;PDE4A;PDE4B;PDE4D;PDE5A;PDE6A;PDE6B;PDE6C;PDE6D;PDE9A;PGM2;PPAT;PRPS1;PRPS1L1;PRUNE1;RRM1;RRM2;XDH,0.0462817835238852,receptor secretion,5.556828061699537,258,255.59261500695743,0.8127568479813673,0.0,0.38181818181818217,1.0,0.44125693619252415
Streptomyces,Tumor_up,19.1650563481703,Betaine Metabolism,AminoAcid_or_Nitrogen,Tumor_vs_Adjacent,3,1.0,2.0,57.4951690445109,Module_1__receptor_secretion,80.0,3,ADA;ADA2;ADCY1;ADCY10;ADCY2;ADCY3;ADCY4;ADCY5;ADCY7;ADCY8;ADCY9;ADSL;ADSS1;ADSS2;AK3;AK4;AK7;AK9;ALLC;AMPD2;AMPD3;CANT1;DGUOK;ENPP1;ENPP3;ENPP4;ENTPD1;ENTPD5;GART;GDA;GUCY1A1;GUCY1A2;GUCY1B1;GUCY2C;GUCY2D;GUCY2F;IMPDH2;NME3;NME4;NME7;NPR1;NPR2;NT5C1A;NT5C1B;NT5C1B-RDH14;NT5E;NUDT16;PDE10A;PDE11A;PDE1A;PDE1C;PDE2A;PDE3A;PDE4A;PDE4B;PDE4D;PDE5A;PDE6A;PDE6B;PDE6C;PDE6D;PDE9A;PGM2;PPAT;PRPS1;PRPS1L1;PRUNE1;RRM1;RRM2;XDH,0.0462817835238852,receptor secretion,5.556828061699537,258,255.59261500695743,0.8127568479813673,0.0,0.38181818181818217,1.0,0.44125693619252415
Clostridioides,Tumor_up,19.11454456404097,Alanine Metabolism,AminoAcid_or_Nitrogen,Tumor_vs_Adjacent,3,1.0,1.0,57.34363369212291,Module_1__receptor_secretion,80.0,3,ADA;ADA2;ADCY1;ADCY10;ADCY2;ADCY3;ADCY4;ADCY5;ADCY7;ADCY8;ADCY9;ADSL;ADSS1;ADSS2;AK3;AK4;AK7;AK9;ALLC;AMPD2;AMPD3;CANT1;DGUOK;ENPP1;ENPP3;ENPP4;ENTPD1;ENTPD5;GART;GDA;GUCY1A1;GUCY1A2;GUCY1B1;GUCY2C;GUCY2D;GUCY2F;IMPDH2;NME3;NME4;NME7;NPR1;NPR2;NT5C1A;NT5C1B;NT5C1B-RDH14;NT5E;NUDT16;PDE10A;PDE11A;PDE1A;PDE1C;PDE2A;PDE3A;PDE4A;PDE4B;PDE4D;PDE5A;PDE6A;PDE6B;PDE6C;PDE6D;PDE9A;PGM2;PPAT;PRPS1;PRPS1L1;PRUNE1;RRM1;RRM2;XDH,0.0462817835238852,receptor secretion,5.556828061699537,258,254.91897028816612,0.8103651402221763,0.0,0.38181818181818217,1.0,0.44072675981070497
Clostridioides,Tumor_up,19.11454456404097,Betaine Metabolism,AminoAcid_or_Nitrogen,Tumor_vs_Adjacent,3,1.0,2.0,57.34363369212291,Module_1__receptor_secretion,80.0,3,ADA;ADA2;ADCY1;ADCY10;ADCY2;ADCY3;ADCY4;ADCY5;ADCY7;ADCY8;ADCY9;ADSL;ADSS1;ADSS2;AK3;AK4;AK7;AK9;ALLC;AMPD2;AMPD3;CANT1;DGUOK;ENPP1;ENPP3;ENPP4;ENTPD1;ENTPD5;GART;GDA;GUCY1A1;GUCY1A2;GUCY1B1;GUCY2C;GUCY2D;GUCY2F;IMPDH2;NME3;NME4;NME7;NPR1;NPR2;NT5C1A;NT5C1B;NT5C1B-RDH14;NT5E;NUDT16;PDE10A;PDE11A;PDE1A;PDE1C;PDE2A;PDE3A;PDE4A;PDE4B;PDE4D;PDE5A;PDE6A;PDE6B;PDE6C;PDE6D;PDE9A;PGM2;PPAT;PRPS1;PRPS1L1;PRUNE1;RRM1;RRM2;XDH,0.0462817835238852,receptor secretion,5.556828061699537,258,254.91897028816612,0.8103651402221763,0.0,0.38181818181818217,1.0,0.44072675981070497
Pseudomonas,Tumor_up,19.0596049896991,Alanine Metabolism,AminoAcid_or_Nitrogen,Tumor_vs_Adjacent,3,1.0,1.0,57.1788149690973,Module_1__receptor_secretion,80.0,3,ADA;ADA2;ADCY1;ADCY10;ADCY2;ADCY3;ADCY4;ADCY5;ADCY7;ADCY8;ADCY9;ADSL;ADSS1;ADSS2;AK3;AK4;AK7;AK9;ALLC;AMPD2;AMPD3;CANT1;DGUOK;ENPP1;ENPP3;ENPP4;ENTPD1;ENTPD5;GART;GDA;GUCY1A1;GUCY1A2;GUCY1B1;GUCY2C;GUCY2D;GUCY2F;IMPDH2;NME3;NME4;NME7;NPR1;NPR2;NT5C1A;NT5C1B;NT5C1B-RDH14;NT5E;NUDT16;PDE10A;PDE11A;PDE1A;PDE1C;PDE2A;PDE3A;PDE4A;PDE4B;PDE4D;PDE5A;PDE6A;PDE6B;PDE6C;PDE6D;PDE9A;PGM2;PPAT;PRPS1;PRPS1L1;PRUNE1;RRM1;RRM2;XDH,0.0462817835238852,receptor secretion,5.556828061699537,258,254.18627484400437,0.8077637788071119,0.0,0.38181818181818217,1.0,0.44015010893120565
Pseudomonas,Tumor_up,19.0596049896991,Betaine Metabolism,AminoAcid_or_Nitrogen,Tumor_vs_Adjacent,3,1.0,2.0,57.1788149690973,Module_1__receptor_secretion,80.0,3,ADA;ADA2;ADCY1;ADCY10;ADCY2;ADCY3;ADCY4;ADCY5;ADCY7;ADCY8;ADCY9;ADSL;ADSS1;ADSS2;AK3;AK4;AK7;AK9;ALLC;AMPD2;AMPD3;CANT1;DGUOK;ENPP1;ENPP3;ENPP4;ENTPD1;ENTPD5;GART;GDA;GUCY1A1;GUCY1A2;GUCY1B1;GUCY2C;GUCY2D;GUCY2F;IMPDH2;NME3;NME4;NME7;NPR1;NPR2;NT5C1A;NT5C1B;NT5C1B-RDH14;NT5E;NUDT16;PDE10A;PDE11A;PDE1A;PDE1C;PDE2A;PDE3A;PDE4A;PDE4B;PDE4D;PDE5A;PDE6A;PDE6B;PDE6C;PDE6D;PDE9A;PGM2;PPAT;PRPS1;PRPS1L1;PRUNE1;RRM1;RRM2;XDH,0.0462817835238852,receptor secretion,5.556828061699537,258,254.18627484400437,0.8077637788071119,0.0,0.38181818181818217,1.0,0.44015010893120565
Streptomyces,Tumor_up,19.1650563481703,Caffeine Metabolism,AminoAcid_or_Nitrogen,Tumor_vs_Adjacent,3,1.0,4.0,57.4951690445109,Module_1__receptor_secretion,77.77777777777777,3,ADA;ADA2;ADCY1;ADCY10;ADCY2;ADCY3;ADCY4;ADCY5;ADCY7;ADCY8;ADCY9;ADSL;ADSS1;ADSS2;AK3;AK4;AK7;AK9;ALLC;AMPD2;AMPD3;CANT1;DGUOK;ENPP1;ENPP3;ENPP4;ENTPD1;ENTPD5;GART;GDA;GUCY1A1;GUCY1A2;GUCY1B1;GUCY2C;GUCY2D;GUCY2F;IMPDH2;NME3;NME4;NME7;NPR1;NPR2;NT5C1A;NT5C1B;NT5C1B-RDH14;NT5E;NUDT16;PDE10A;PDE11A;PDE1A;PDE1C;PDE2A;PDE3A;PDE4A;PDE4B;PDE4D;PDE5A;PDE6A;PDE6B;PDE6C;PDE6D;PDE9A;PGM2;PPAT;PRPS1;PRPS1L1;PRUNE1;RRM1;RRM2;XDH,0.0462817835238852,receptor secretion,5.556828061699537,258,248.492820145653,0.8127568479813673,0.0,0.141414141414141,1.0,0.4121710111736747
Clostridioides,Tumor_up,19.11454456404097,Caffeine Metabolism,AminoAcid_or_Nitrogen,Tumor_vs_Adjacent,3,1.0,4.0,57.34363369212291,Module_1__receptor_secretion,77.77777777777777,3,ADA;ADA2;ADCY1;ADCY10;ADCY2;ADCY3;ADCY4;ADCY5;ADCY7;ADCY8;ADCY9;ADSL;ADSS1;ADSS2;AK3;AK4;AK7;AK9;ALLC;AMPD2;AMPD3;CANT1;DGUOK;ENPP1;ENPP3;ENPP4;ENTPD1;ENTPD5;GART;GDA;GUCY1A1;GUCY1A2;GUCY1B1;GUCY2C;GUCY2D;GUCY2F;IMPDH2;NME3;NME4;NME7;NPR1;NPR2;NT5C1A;NT5C1B;NT5C1B-RDH14;NT5E;NUDT16;PDE10A;PDE11A;PDE1A;PDE1C;PDE2A;PDE3A;PDE4A;PDE4B;PDE4D;PDE5A;PDE6A;PDE6B;PDE6C;PDE6D;PDE9A;PGM2;PPAT;PRPS1;PRPS1L1;PRUNE1;RRM1;RRM2;XDH,0.0462817835238852,receptor secretion,5.556828061699537,258,247.83788778016148,0.8103651402221763,0.0,0.141414141414141,1.0,0.41161323593383436
Pseudomonas,Tumor_up,19.0596049896991,Caffeine Metabolism,AminoAcid_or_Nitrogen,Tumor_vs_Adjacent,3,1.0,4.0,57.1788149690973,Module_1__receptor_secretion,77.77777777777777,3,ADA;ADA2;ADCY1;ADCY10;ADCY2;ADCY3;ADCY4;ADCY5;ADCY7;ADCY8;ADCY9;ADSL;ADSS1;ADSS2;AK3;AK4;AK7;AK9;ALLC;AMPD2;AMPD3;CANT1;DGUOK;ENPP1;ENPP3;ENPP4;ENTPD1;ENTPD5;GART;GDA;GUCY1A1;GUCY1A2;GUCY1B1;GUCY2C;GUCY2D;GUCY2F;IMPDH2;NME3;NME4;NME7;NPR1;NPR2;NT5C1A;NT5C1B;NT5C1B-RDH14;NT5E;NUDT16;PDE10A;PDE11A;PDE1A;PDE1C;PDE2A;PDE3A;PDE4A;PDE4B;PDE4D;PDE5A;PDE6A;PDE6B;PDE6C;PDE6D;PDE9A;PGM2;PPAT;PRPS1;PRPS1L1;PRUNE1;RRM1;RRM2;XDH,0.0462817835238852,receptor secretion,5.556828061699537,258,247.12554498722642,0.8077637788071119,0.0,0.141414141414141,1.0,0.4110065669201878
Streptomyces,Tumor_up,19.1650563481703,Biotin Metabolism,AminoAcid_or_Nitrogen,Tumor_vs_Adjacent,3,1.0,2.0,57.4951690445109,Module_1__receptor_secretion,76.47058823529412,3,ADA;ADA2;ADCY1;ADCY10;ADCY2;ADCY3;ADCY4;ADCY5;ADCY7;ADCY8;ADCY9;ADSL;ADSS1;ADSS2;AK3;AK4;AK7;AK9;ALLC;AMPD2;AMPD3;CANT1;DGUOK;ENPP1;ENPP3;ENPP4;ENTPD1;ENTPD5;GART;GDA;GUCY1A1;GUCY1A2;GUCY1B1;GUCY2C;GUCY2D;GUCY2F;IMPDH2;NME3;NME4;NME7;NPR1;NPR2;NT5C1A;NT5C1B;NT5C1B-RDH14;NT5E;NUDT16;PDE10A;PDE11A;PDE1A;PDE1C;PDE2A;PDE3A;PDE4A;PDE4B;PDE4D;PDE5A;PDE6A;PDE6B;PDE6C;PDE6D;PDE9A;PGM2;PPAT;PRPS1;PRPS1L1;PRUNE1;RRM1;RRM2;XDH,0.0462817835238852,receptor secretion,5.556828061699537,258,244.3164702272387,0.8127568479813673,0.0,0.0,1.0,0.3950616435155281
Clostridioides,Tumor_up,19.11454456404097,Biotin Metabolism,AminoAcid_or_Nitrogen,Tumor_vs_Adjacent,3,1.0,2.0,57.34363369212291,Module_1__receptor_secretion,76.47058823529412,3,ADA;ADA2;ADCY1;ADCY10;ADCY2;ADCY3;ADCY4;ADCY5;ADCY7;ADCY8;ADCY9;ADSL;ADSS1;ADSS2;AK3;AK4;AK7;AK9;ALLC;AMPD2;AMPD3;CANT1;DGUOK;ENPP1;ENPP3;ENPP4;ENTPD1;ENTPD5;GART;GDA;GUCY1A1;GUCY1A2;GUCY1B1;GUCY2C;GUCY2D;GUCY2F;IMPDH2;NME3;NME4;NME7;NPR1;NPR2;NT5C1A;NT5C1B;NT5C1B-RDH14;NT5E;NUDT16;PDE10A;PDE11A;PDE1A;PDE1C;PDE2A;PDE3A;PDE4A;PDE4B;PDE4D;PDE5A;PDE6A;PDE6B;PDE6C;PDE6D;PDE9A;PGM2;PPAT;PRPS1;PRPS1L1;PRUNE1;RRM1;RRM2;XDH,0.0462817835238852,receptor secretion,5.556828061699537,258,243.67254512839406,0.8103651402221763,0.0,0.0,1.0,0.3944876336533223
Pseudomonas,Tumor_up,19.0596049896991,Biotin Metabolism,AminoAcid_or_Nitrogen,Tumor_vs_Adjacent,3,1.0,2.0,57.1788149690973,Module_1__receptor_secretion,76.47058823529412,3,ADA;ADA2;ADCY1;ADCY10;ADCY2;ADCY3;ADCY4;ADCY5;ADCY7;ADCY8;ADCY9;ADSL;ADSS1;ADSS2;AK3;AK4;AK7;AK9;ALLC;AMPD2;AMPD3;CANT1;DGUOK;ENPP1;ENPP3;ENPP4;ENTPD1;ENTPD5;GART;GDA;GUCY1A1;GUCY1A2;GUCY1B1;GUCY2C;GUCY2D;GUCY2F;IMPDH2;NME3;NME4;NME7;NPR1;NPR2;NT5C1A;NT5C1B;NT5C1B-RDH14;NT5E;NUDT16;PDE10A;PDE11A;PDE1A;PDE1C;PDE2A;PDE3A;PDE4A;PDE4B;PDE4D;PDE5A;PDE6A;PDE6B;PDE6C;PDE6D;PDE9A;PGM2;PPAT;PRPS1;PRPS1L1;PRUNE1;RRM1;RRM2;XDH,0.0462817835238852,receptor secretion,5.556828061699537,258,242.97217448323946,0.8077637788071119,0.0,0.0,1.0,0.39386330691370686
Legionella,Tumor_up,17.61221115867515,Alanine Metabolism,AminoAcid_or_Nitrogen,Tumor_vs_Adjacent,3,1.0,1.0,52.836633476025455,Module_1__receptor_secretion,80.0,3,ADA;ADA2;ADCY1;ADCY10;ADCY2;ADCY3;ADCY4;ADCY5;ADCY7;ADCY8;ADCY9;ADSL;ADSS1;ADSS2;AK3;AK4;AK7;AK9;ALLC;AMPD2;AMPD3;CANT1;DGUOK;ENPP1;ENPP3;ENPP4;ENTPD1;ENTPD5;GART;GDA;GUCY1A1;GUCY1A2;GUCY1B1;GUCY2C;GUCY2D;GUCY2F;IMPDH2;NME3;NME4;NME7;NPR1;NPR2;NT5C1A;NT5C1B;NT5C1B-RDH14;NT5E;NUDT16;PDE10A;PDE11A;PDE1A;PDE1C;PDE2A;PDE3A;PDE4A;PDE4B;PDE4D;PDE5A;PDE6A;PDE6B;PDE6C;PDE6D;PDE9A;PGM2;PPAT;PRPS1;PRPS1L1;PRUNE1;RRM1;RRM2;XDH,0.0462817835238852,receptor secretion,5.556828061699537,258,234.88327006824915,0.7392304035574527,0.0,0.38181818181818217,1.0,0.4249581287304084
Legionella,Tumor_up,17.61221115867515,Betaine Metabolism,AminoAcid_or_Nitrogen,Tumor_vs_Adjacent,3,1.0,2.0,52.836633476025455,Module_1__receptor_secretion,80.0,3,ADA;ADA2;ADCY1;ADCY10;ADCY2;ADCY3;ADCY4;ADCY5;ADCY7;ADCY8;ADCY9;ADSL;ADSS1;ADSS2;AK3;AK4;AK7;AK9;ALLC;AMPD2;AMPD3;CANT1;DGUOK;ENPP1;ENPP3;ENPP4;ENTPD1;ENTPD5;GART;GDA;GUCY1A1;GUCY1A2;GUCY1B1;GUCY2C;GUCY2D;GUCY2F;IMPDH2;NME3;NME4;NME7;NPR1;NPR2;NT5C1A;NT5C1B;NT5C1B-RDH14;NT5E;NUDT16;PDE10A;PDE11A;PDE1A;PDE1C;PDE2A;PDE3A;PDE4A;PDE4B;PDE4D;PDE5A;PDE6A;PDE6B;PDE6C;PDE6D;PDE9A;PGM2;PPAT;PRPS1;PRPS1L1;PRUNE1;RRM1;RRM2;XDH,0.0462817835238852,receptor secretion,5.556828061699537,258,234.88327006824915,0.7392304035574527,0.0,0.38181818181818217,1.0,0.4249581287304084
Legionella,Tumor_up,17.61221115867515,Caffeine Metabolism,AminoAcid_or_Nitrogen,Tumor_vs_Adjacent,3,1.0,4.0,52.836633476025455,Module_1__receptor_secretion,77.77777777777777,3,ADA;ADA2;ADCY1;ADCY10;ADCY2;ADCY3;ADCY4;ADCY5;ADCY7;ADCY8;ADCY9;ADSL;ADSS1;ADSS2;AK3;AK4;AK7;AK9;ALLC;AMPD2;AMPD3;CANT1;DGUOK;ENPP1;ENPP3;ENPP4;ENTPD1;ENTPD5;GART;GDA;GUCY1A1;GUCY1A2;GUCY1B1;GUCY2C;GUCY2D;GUCY2F;IMPDH2;NME3;NME4;NME7;NPR1;NPR2;NT5C1A;NT5C1B;NT5C1B-RDH14;NT5E;NUDT16;PDE10A;PDE11A;PDE1A;PDE1C;PDE2A;PDE3A;PDE4A;PDE4B;PDE4D;PDE5A;PDE6A;PDE6B;PDE6C;PDE6D;PDE9A;PGM2;PPAT;PRPS1;PRPS1L1;PRUNE1;RRM1;RRM2;XDH,0.0462817835238852,receptor secretion,5.556828061699537,258,228.35873478857553,0.7392304035574527,0.0,0.141414141414141,1.0,0.3950237531043884
Legionella,Tumor_up,17.61221115867515,Biotin Metabolism,AminoAcid_or_Nitrogen,Tumor_vs_Adjacent,3,1.0,2.0,52.836633476025455,Module_1__receptor_secretion,76.47058823529412,3,ADA;ADA2;ADCY1;ADCY10;ADCY2;ADCY3;ADCY4;ADCY5;ADCY7;ADCY8;ADCY9;ADSL;ADSS1;ADSS2;AK3;AK4;AK7;AK9;ALLC;AMPD2;AMPD3;CANT1;DGUOK;ENPP1;ENPP3;ENPP4;ENTPD1;ENTPD5;GART;GDA;GUCY1A1;GUCY1A2;GUCY1B1;GUCY2C;GUCY2D;GUCY2F;IMPDH2;NME3;NME4;NME7;NPR1;NPR2;NT5C1A;NT5C1B;NT5C1B-RDH14;NT5E;NUDT16;PDE10A;PDE11A;PDE1A;PDE1C;PDE2A;PDE3A;PDE4A;PDE4B;PDE4D;PDE5A;PDE6A;PDE6B;PDE6C;PDE6D;PDE9A;PGM2;PPAT;PRPS1;PRPS1L1;PRUNE1;RRM1;RRM2;XDH,0.0462817835238852,receptor secretion,5.556828061699537,258,224.52077285935576,0.7392304035574527,0.0,0.0,1.0,0.3774152968537886
Thermococcus,Tumor_up,23.11954687407791,Bile Acid Biosynthesis,Lipid_or_Membrane,Tumor_vs_Adjacent,3,1.0,4.0,69.35864062223372,Module_20__glycosylation_biosynthetic,77.41935483870968,3,BCAN;BGN;CHPF2;CHST11;CHST12;CHST13;CHST3;CHST7;CHST9;CHSY1;CHSY3;CSGALNACT1;CSPG4;CSPG5;DCN;NCAN;UST;VCAN,0.0310951091989203,glycosylation biosynthetic,3.6635616461296463,38,196.72231402165556,1.0,0.0,0.10263929618768376,0.2899690826099874,0.3541318308001262
Thermococcus,Tumor_up,23.11954687407791,Cardiolipin Biosynthesis,Other,Tumor_vs_Adjacent,3,1.0,1.0,69.35864062223372,Module_20__glycosylation_biosynthetic,77.41935483870968,3,BCAN;BGN;CHPF2;CHST11;CHST12;CHST13;CHST3;CHST7;CHST9;CHSY1;CHSY3;CSGALNACT1;CSPG4;CSPG5;DCN;NCAN;UST;VCAN,0.0310951091989203,glycosylation biosynthetic,3.6635616461296463,38,196.72231402165556,1.0,0.0,0.10263929618768376,0.2899690826099874,0.3541318308001262
Thermococcus,Tumor_up,23.11954687407791,Beta Oxidation of Very Long Chain Fatty Acids,Lipid_or_Membrane,Tumor_vs_Adjacent,3,1.0,2.0,69.35864062223372,Module_72__amino_catabolic,85.71428571428571,3,ABCB11;ABCC9;ABCD1;ABCD2;ABCD3;ABCD4;ACAA1;ACAA2;ACACB;ACAD10;ACAD11;ACADL;ACOX1;ACOX3;ACOXL;ACSM1;ADH5;ADH7;ADIPOR2;AKT1;AKT2;ALOX15;AMACR;APPL2;AUH;CPT1A;CPT1B;CPT2;CRAT;CROT;DECR1;DGAT2;ECHDC2;ECI1;ECI2;EHHADH;ETFB;ETFBKMT;ETFDH;FMO1;FMO2;FMO4;GDF15;HACL1;HADHA;HADHB;HAO1;HSD17B4;IRS1;KLHL25;LONP2;MAPK14;PDK4;PEX13;PEX2;PEX5;PEX7;PHYH;PLIN5;POR;PPARA;PPARD;PPARGC1A;PRKAA1;PRKAG2;SLC27A2;SOX9;TYSND1,0.0059380305333084,amino catabolic,3.1354942159291497,22,186.40595699633346,1.0,0.0,1.0,0.09192817361505157,0.4502959554448859
UBA2212,Adjacent_up,13.52148378134368,Alanine Metabolism,AminoAcid_or_Nitrogen,Tumor_vs_Adjacent,3,1.0,1.0,40.56445134403104,Module_1__receptor_secretion,80.0,3,ADA;ADA2;ADCY1;ADCY10;ADCY2;ADCY3;ADCY4;ADCY5;ADCY7;ADCY8;ADCY9;ADSL;ADSS1;ADSS2;AK3;AK4;AK7;AK9;ALLC;AMPD2;AMPD3;CANT1;DGUOK;ENPP1;ENPP3;ENPP4;ENTPD1;ENTPD5;GART;GDA;GUCY1A1;GUCY1A2;GUCY1B1;GUCY2C;GUCY2D;GUCY2F;IMPDH2;NME3;NME4;NME7;NPR1;NPR2;NT5C1A;NT5C1B;NT5C1B-RDH14;NT5E;NUDT16;PDE10A;PDE11A;PDE1A;PDE1C;PDE2A;PDE3A;PDE4A;PDE4B;PDE4D;PDE5A;PDE6A;PDE6B;PDE6C;PDE6D;PDE9A;PGM2;PPAT;PRPS1;PRPS1L1;PRUNE1;RRM1;RRM2;XDH,0.0462817835238852,receptor secretion,5.556828061699537,258,180.3277452287658,0.5455365046437207,0.0,0.38181818181818217,1.0,0.3820214739021135
UBA2212,Adjacent_up,13.52148378134368,Betaine Metabolism,AminoAcid_or_Nitrogen,Tumor_vs_Adjacent,3,1.0,2.0,40.56445134403104,Module_1__receptor_secretion,80.0,3,ADA;ADA2;ADCY1;ADCY10;ADCY2;ADCY3;ADCY4;ADCY5;ADCY7;ADCY8;ADCY9;ADSL;ADSS1;ADSS2;AK3;AK4;AK7;AK9;ALLC;AMPD2;AMPD3;CANT1;DGUOK;ENPP1;ENPP3;ENPP4;ENTPD1;ENTPD5;GART;GDA;GUCY1A1;GUCY1A2;GUCY1B1;GUCY2C;GUCY2D;GUCY2F;IMPDH2;NME3;NME4;NME7;NPR1;NPR2;NT5C1A;NT5C1B;NT5C1B-RDH14;NT5E;NUDT16;PDE10A;PDE11A;PDE1A;PDE1C;PDE2A;PDE3A;PDE4A;PDE4B;PDE4D;PDE5A;PDE6A;PDE6B;PDE6C;PDE6D;PDE9A;PGM2;PPAT;PRPS1;PRPS1L1;PRUNE1;RRM1;RRM2;XDH,0.0462817835238852,receptor secretion,5.556828061699537,258,180.3277452287658,0.5455365046437207,0.0,0.38181818181818217,1.0,0.3820214739021135
Emergencia,Adjacent_up,20.6550028931498,Bile Acid Biosynthesis,Lipid_or_Membrane,Tumor_vs_Adjacent,3,1.0,4.0,61.9650086794494,Module_20__glycosylation_biosynthetic,77.41935483870968,3,BCAN;BGN;CHPF2;CHST11;CHST12;CHST13;CHST3;CHST7;CHST9;CHSY1;CHSY3;CSGALNACT1;CSPG4;CSPG5;DCN;NCAN;UST;VCAN,0.0310951091989203,glycosylation biosynthetic,3.6635616461296463,38,175.75171292912626,0.8833050729912636,0.0,0.10263929618768376,0.2899690826099874,0.32183059985924956
Emergencia,Adjacent_up,20.6550028931498,Cardiolipin Biosynthesis,Other,Tumor_vs_Adjacent,3,1.0,1.0,61.9650086794494,Module_20__glycosylation_biosynthetic,77.41935483870968,3,BCAN;BGN;CHPF2;CHST11;CHST12;CHST13;CHST3;CHST7;CHST9;CHSY1;CHSY3;CSGALNACT1;CSPG4;CSPG5;DCN;NCAN;UST;VCAN,0.0310951091989203,glycosylation biosynthetic,3.6635616461296463,38,175.75171292912626,0.8833050729912636,0.0,0.10263929618768376,0.2899690826099874,0.32183059985924956
UBA2212,Adjacent_up,13.52148378134368,Caffeine Metabolism,AminoAcid_or_Nitrogen,Tumor_vs_Adjacent,3,1.0,4.0,40.56445134403104,Module_1__receptor_secretion,77.77777777777777,3,ADA;ADA2;ADCY1;ADCY10;ADCY2;ADCY3;ADCY4;ADCY5;ADCY7;ADCY8;ADCY9;ADSL;ADSS1;ADSS2;AK3;AK4;AK7;AK9;ALLC;AMPD2;AMPD3;CANT1;DGUOK;ENPP1;ENPP3;ENPP4;ENTPD1;ENTPD5;GART;GDA;GUCY1A1;GUCY1A2;GUCY1B1;GUCY2C;GUCY2D;GUCY2F;IMPDH2;NME3;NME4;NME7;NPR1;NPR2;NT5C1A;NT5C1B;NT5C1B-RDH14;NT5E;NUDT16;PDE10A;PDE11A;PDE1A;PDE1C;PDE2A;PDE3A;PDE4A;PDE4B;PDE4D;PDE5A;PDE6A;PDE6B;PDE6C;PDE6D;PDE9A;PGM2;PPAT;PRPS1;PRPS1L1;PRUNE1;RRM1;RRM2;XDH,0.0462817835238852,receptor secretion,5.556828061699537,258,175.31864119463336,0.5455365046437207,0.0,0.141414141414141,1.0,0.3498519880728709
UBA2212,Adjacent_up,13.52148378134368,Biotin Metabolism,AminoAcid_or_Nitrogen,Tumor_vs_Adjacent,3,1.0,2.0,40.56445134403104,Module_1__receptor_secretion,76.47058823529412,3,ADA;ADA2;ADCY1;ADCY10;ADCY2;ADCY3;ADCY4;ADCY5;ADCY7;ADCY8;ADCY9;ADSL;ADSS1;ADSS2;AK3;AK4;AK7;AK9;ALLC;AMPD2;AMPD3;CANT1;DGUOK;ENPP1;ENPP3;ENPP4;ENTPD1;ENTPD5;GART;GDA;GUCY1A1;GUCY1A2;GUCY1B1;GUCY2C;GUCY2D;GUCY2F;IMPDH2;NME3;NME4;NME7;NPR1;NPR2;NT5C1A;NT5C1B;NT5C1B-RDH14;NT5E;NUDT16;PDE10A;PDE11A;PDE1A;PDE1C;PDE2A;PDE3A;PDE4A;PDE4B;PDE4D;PDE5A;PDE6A;PDE6B;PDE6C;PDE6D;PDE9A;PGM2;PPAT;PRPS1;PRPS1L1;PRUNE1;RRM1;RRM2;XDH,0.0462817835238852,receptor secretion,5.556828061699537,258,172.37210940984963,0.5455365046437207,0.0,0.0,1.0,0.3309287611144929
Anoxybacillus,Tumor_up,12.58197455491161,Alanine Metabolism,AminoAcid_or_Nitrogen,Tumor_vs_Adjacent,3,1.0,1.0,37.74592366473483,Module_1__receptor_secretion,80.0,3,ADA;ADA2;ADCY1;ADCY10;ADCY2;ADCY3;ADCY4;ADCY5;ADCY7;ADCY8;ADCY9;ADSL;ADSS1;ADSS2;AK3;AK4;AK7;AK9;ALLC;AMPD2;AMPD3;CANT1;DGUOK;ENPP1;ENPP3;ENPP4;ENTPD1;ENTPD5;GART;GDA;GUCY1A1;GUCY1A2;GUCY1B1;GUCY2C;GUCY2D;GUCY2F;IMPDH2;NME3;NME4;NME7;NPR1;NPR2;NT5C1A;NT5C1B;NT5C1B-RDH14;NT5E;NUDT16;PDE10A;PDE11A;PDE1A;PDE1C;PDE2A;PDE3A;PDE4A;PDE4B;PDE4D;PDE5A;PDE6A;PDE6B;PDE6C;PDE6D;PDE9A;PGM2;PPAT;PRPS1;PRPS1L1;PRUNE1;RRM1;RRM2;XDH,0.0462817835238852,receptor secretion,5.556828061699537,258,167.79808626797373,0.50105121184678,0.0,0.38181818181818217,1.0,0.3721602977242898
Anoxybacillus,Tumor_up,12.58197455491161,Betaine Metabolism,AminoAcid_or_Nitrogen,Tumor_vs_Adjacent,3,1.0,2.0,37.74592366473483,Module_1__receptor_secretion,80.0,3,ADA;ADA2;ADCY1;ADCY10;ADCY2;ADCY3;ADCY4;ADCY5;ADCY7;ADCY8;ADCY9;ADSL;ADSS1;ADSS2;AK3;AK4;AK7;AK9;ALLC;AMPD2;AMPD3;CANT1;DGUOK;ENPP1;ENPP3;ENPP4;ENTPD1;ENTPD5;GART;GDA;GUCY1A1;GUCY1A2;GUCY1B1;GUCY2C;GUCY2D;GUCY2F;IMPDH2;NME3;NME4;NME7;NPR1;NPR2;NT5C1A;NT5C1B;NT5C1B-RDH14;NT5E;NUDT16;PDE10A;PDE11A;PDE1A;PDE1C;PDE2A;PDE3A;PDE4A;PDE4B;PDE4D;PDE5A;PDE6A;PDE6B;PDE6C;PDE6D;PDE9A;PGM2;PPAT;PRPS1;PRPS1L1;PRUNE1;RRM1;RRM2;XDH,0.0462817835238852,receptor secretion,5.556828061699537,258,167.79808626797373,0.50105121184678,0.0,0.38181818181818217,1.0,0.3721602977242898
Thermococcus,Tumor_up,23.11954687407791,Catecholamine Biosynthesis,Lipid_or_Membrane,Tumor_vs_Adjacent,3,0.606,6.0,69.35864062223372,Module_52__metabolic_biosynthetic,83.33333333333333,3,ALDH2;ATP7A;DAO;DBH;DDC;GATA3;GCH1;GPR37;HAND2;HDC;INSM1;KL;MOXD1;NR4A2;NT5DC2;PAH;PARK7;SLC6A3;SNCA;TGFB2;TH,0.0023569870235409,metabolic biosynthetic,2.8903717578961645,17,167.06021335047834,1.0,0.0,0.7424242424242424,0.0,0.40393939393939393
Emergencia,Adjacent_up,20.6550028931498,Beta Oxidation of Very Long Chain Fatty Acids,Lipid_or_Membrane,Tumor_vs_Adjacent,3,1.0,2.0,61.9650086794494,Module_72__amino_catabolic,85.71428571428571,3,ABCB11;ABCC9;ABCD1;ABCD2;ABCD3;ABCD4;ACAA1;ACAA2;ACACB;ACAD10;ACAD11;ACADL;ACOX1;ACOX3;ACOXL;ACSM1;ADH5;ADH7;ADIPOR2;AKT1;AKT2;ALOX15;AMACR;APPL2;AUH;CPT1A;CPT1B;CPT2;CRAT;CROT;DECR1;DGAT2;ECHDC2;ECI1;ECI2;EHHADH;ETFB;ETFBKMT;ETFDH;FMO1;FMO2;FMO4;GDF15;HACL1;HADHA;HADHB;HAO1;HSD17B4;IRS1;KLHL25;LONP2;MAPK14;PDK4;PEX13;PEX2;PEX5;PEX7;PHYH;PLIN5;POR;PPARA;PPARD;PPARGC1A;PRKAA1;PRKAG2;SLC27A2;SOX9;TYSND1,0.0059380305333084,amino catabolic,3.1354942159291497,22,166.53507968949697,0.8833050729912636,0.0,1.0,0.09192817361505157,0.42280409543527164
Anoxybacillus,Tumor_up,12.58197455491161,Caffeine Metabolism,AminoAcid_or_Nitrogen,Tumor_vs_Adjacent,3,1.0,4.0,37.74592366473483,Module_1__receptor_secretion,77.77777777777777,3,ADA;ADA2;ADCY1;ADCY10;ADCY2;ADCY3;ADCY4;ADCY5;ADCY7;ADCY8;ADCY9;ADSL;ADSS1;ADSS2;AK3;AK4;AK7;AK9;ALLC;AMPD2;AMPD3;CANT1;DGUOK;ENPP1;ENPP3;ENPP4;ENTPD1;ENTPD5;GART;GDA;GUCY1A1;GUCY1A2;GUCY1B1;GUCY2C;GUCY2D;GUCY2F;IMPDH2;NME3;NME4;NME7;NPR1;NPR2;NT5C1A;NT5C1B;NT5C1B-RDH14;NT5E;NUDT16;PDE10A;PDE11A;PDE1A;PDE1C;PDE2A;PDE3A;PDE4A;PDE4B;PDE4D;PDE5A;PDE6A;PDE6B;PDE6C;PDE6D;PDE9A;PGM2;PPAT;PRPS1;PRPS1L1;PRUNE1;RRM1;RRM2;XDH,0.0462817835238852,receptor secretion,5.556828061699537,258,163.13702831608555,0.50105121184678,0.0,0.141414141414141,1.0,0.3394774785769541
Streptomyces,Tumor_up,19.1650563481703,Bile Acid Biosynthesis,Lipid_or_Membrane,Tumor_vs_Adjacent,3,1.0,4.0,57.4951690445109,Module_20__glycosylation_biosynthetic,77.41935483870968,3,BCAN;BGN;CHPF2;CHST11;CHST12;CHST13;CHST3;CHST7;CHST9;CHSY1;CHSY3;CSGALNACT1;CSPG4;CSPG5;DCN;NCAN;UST;VCAN,0.0310951091989203,glycosylation biosynthetic,3.6635616461296463,38,163.07388088971146,0.8127568479813673,0.0,0.10263929618768376,0.2899690826099874,0.30230280574748847
Streptomyces,Tumor_up,19.1650563481703,Cardiolipin Biosynthesis,Other,Tumor_vs_Adjacent,3,1.0,1.0,57.4951690445109,Module_20__glycosylation_biosynthetic,77.41935483870968,3,BCAN;BGN;CHPF2;CHST11;CHST12;CHST13;CHST3;CHST7;CHST9;CHSY1;CHSY3;CSGALNACT1;CSPG4;CSPG5;DCN;NCAN;UST;VCAN,0.0310951091989203,glycosylation biosynthetic,3.6635616461296463,38,163.07388088971146,0.8127568479813673,0.0,0.10263929618768376,0.2899690826099874,0.30230280574748847
Clostridioides,Tumor_up,19.11454456404097,Bile Acid Biosynthesis,Lipid_or_Membrane,Tumor_vs_Adjacent,3,1.0,4.0,57.34363369212291,Module_20__glycosylation_biosynthetic,77.41935483870968,3,BCAN;BGN;CHPF2;CHST11;CHST12;CHST13;CHST3;CHST7;CHST9;CHSY1;CHSY3;CSGALNACT1;CSPG4;CSPG5;DCN;NCAN;UST;VCAN,0.0310951091989203,glycosylation biosynthetic,3.6635616461296463,38,162.64408029226007,0.8103651402221763,0.0,0.10263929618768376,0.2899690826099874,0.30164077949962154
Clostridioides,Tumor_up,19.11454456404097,Cardiolipin Biosynthesis,Other,Tumor_vs_Adjacent,3,1.0,1.0,57.34363369212291,Module_20__glycosylation_biosynthetic,77.41935483870968,3,BCAN;BGN;CHPF2;CHST11;CHST12;CHST13;CHST3;CHST7;CHST9;CHSY1;CHSY3;CSGALNACT1;CSPG4;CSPG5;DCN;NCAN;UST;VCAN,0.0310951091989203,glycosylation biosynthetic,3.6635616461296463,38,162.64408029226007,0.8103651402221763,0.0,0.10263929618768376,0.2899690826099874,0.30164077949962154
Pseudomonas,Tumor_up,19.0596049896991,Bile Acid Biosynthesis,Lipid_or_Membrane,Tumor_vs_Adjacent,3,1.0,4.0,57.1788149690973,Module_20__glycosylation_biosynthetic,77.41935483870968,3,BCAN;BGN;CHPF2;CHST11;CHST12;CHST13;CHST3;CHST7;CHST9;CHSY1;CHSY3;CSGALNACT1;CSPG4;CSPG5;DCN;NCAN;UST;VCAN,0.0310951091989203,glycosylation biosynthetic,3.6635616461296463,38,162.17660399375114,0.8077637788071119,0.0,0.10263929618768376,0.2899690826099874,0.3009207209848037
Pseudomonas,Tumor_up,19.0596049896991,Cardiolipin Biosynthesis,Other,Tumor_vs_Adjacent,3,1.0,1.0,57.1788149690973,Module_20__glycosylation_biosynthetic,77.41935483870968,3,BCAN;BGN;CHPF2;CHST11;CHST12;CHST13;CHST3;CHST7;CHST9;CHSY1;CHSY3;CSGALNACT1;CSPG4;CSPG5;DCN;NCAN;UST;VCAN,0.0310951091989203,glycosylation biosynthetic,3.6635616461296463,38,162.17660399375114,0.8077637788071119,0.0,0.10263929618768376,0.2899690826099874,0.3009207209848037
Anoxybacillus,Tumor_up,12.58197455491161,Biotin Metabolism,AminoAcid_or_Nitrogen,Tumor_vs_Adjacent,3,1.0,2.0,37.74592366473483,Module_1__receptor_secretion,76.47058823529412,3,ADA;ADA2;ADCY1;ADCY10;ADCY2;ADCY3;ADCY4;ADCY5;ADCY7;ADCY8;ADCY9;ADSL;ADSS1;ADSS2;AK3;AK4;AK7;AK9;ALLC;AMPD2;AMPD3;CANT1;DGUOK;ENPP1;ENPP3;ENPP4;ENTPD1;ENTPD5;GART;GDA;GUCY1A1;GUCY1A2;GUCY1B1;GUCY2C;GUCY2D;GUCY2F;IMPDH2;NME3;NME4;NME7;NPR1;NPR2;NT5C1A;NT5C1B;NT5C1B-RDH14;NT5E;NUDT16;PDE10A;PDE11A;PDE1A;PDE1C;PDE2A;PDE3A;PDE4A;PDE4B;PDE4D;PDE5A;PDE6A;PDE6B;PDE6C;PDE6D;PDE9A;PGM2;PPAT;PRPS1;PRPS1L1;PRUNE1;RRM1;RRM2;XDH,0.0462817835238852,receptor secretion,5.556828061699537,258,160.39522952085724,0.50105121184678,0.0,0.0,1.0,0.32025229084322715
Streptomyces,Tumor_up,19.1650563481703,Beta Oxidation of Very Long Chain Fatty Acids,Lipid_or_Membrane,Tumor_vs_Adjacent,3,1.0,2.0,57.4951690445109,Module_72__amino_catabolic,85.71428571428571,3,ABCB11;ABCC9;ABCD1;ABCD2;ABCD3;ABCD4;ACAA1;ACAA2;ACACB;ACAD10;ACAD11;ACADL;ACOX1;ACOX3;ACOXL;ACSM1;ADH5;ADH7;ADIPOR2;AKT1;AKT2;ALOX15;AMACR;APPL2;AUH;CPT1A;CPT1B;CPT2;CRAT;CROT;DECR1;DGAT2;ECHDC2;ECI1;ECI2;EHHADH;ETFB;ETFBKMT;ETFDH;FMO1;FMO2;FMO4;GDF15;HACL1;HADHA;HADHB;HAO1;HSD17B4;IRS1;KLHL25;LONP2;MAPK14;PDK4;PEX13;PEX2;PEX5;PEX7;PHYH;PLIN5;POR;PPARA;PPARD;PPARGC1A;PRKAA1;PRKAG2;SLC27A2;SOX9;TYSND1,0.0059380305333084,amino catabolic,3.1354942159291497,22,154.5220885567994,0.8127568479813673,0.0,1.0,0.09192817361505157,0.4061838191677898
Clostridioides,Tumor_up,19.11454456404097,Beta Oxidation of Very Long Chain Fatty Acids,Lipid_or_Membrane,Tumor_vs_Adjacent,3,1.0,2.0,57.34363369212291,Module_72__amino_catabolic,85.71428571428571,3,ABCB11;ABCC9;ABCD1;ABCD2;ABCD3;ABCD4;ACAA1;ACAA2;ACACB;ACAD10;ACAD11;ACADL;ACOX1;ACOX3;ACOXL;ACSM1;ADH5;ADH7;ADIPOR2;AKT1;AKT2;ALOX15;AMACR;APPL2;AUH;CPT1A;CPT1B;CPT2;CRAT;CROT;DECR1;DGAT2;ECHDC2;ECI1;ECI2;EHHADH;ETFB;ETFBKMT;ETFDH;FMO1;FMO2;FMO4;GDF15;HACL1;HADHA;HADHB;HAO1;HSD17B4;IRS1;KLHL25;LONP2;MAPK14;PDK4;PEX13;PEX2;PEX5;PEX7;PHYH;PLIN5;POR;PPARA;PPARD;PPARGC1A;PRKAA1;PRKAG2;SLC27A2;SOX9;TYSND1,0.0059380305333084,amino catabolic,3.1354942159291497,22,154.1148272245811,0.8103651402221763,0.0,1.0,0.09192817361505157,0.4056203628412379
Pseudomonas,Tumor_up,19.0596049896991,Beta Oxidation of Very Long Chain Fatty Acids,Lipid_or_Membrane,Tumor_vs_Adjacent,3,1.0,2.0,57.1788149690973,Module_72__amino_catabolic,85.71428571428571,3,ABCB11;ABCC9;ABCD1;ABCD2;ABCD3;ABCD4;ACAA1;ACAA2;ACACB;ACAD10;ACAD11;ACADL;ACOX1;ACOX3;ACOXL;ACSM1;ADH5;ADH7;ADIPOR2;AKT1;AKT2;ALOX15;AMACR;APPL2;AUH;CPT1A;CPT1B;CPT2;CRAT;CROT;DECR1;DGAT2;ECHDC2;ECI1;ECI2;EHHADH;ETFB;ETFBKMT;ETFDH;FMO1;FMO2;FMO4;GDF15;HACL1;HADHA;HADHB;HAO1;HSD17B4;IRS1;KLHL25;LONP2;MAPK14;PDK4;PEX13;PEX2;PEX5;PEX7;PHYH;PLIN5;POR;PPARA;PPARD;PPARGC1A;PRKAA1;PRKAG2;SLC27A2;SOX9;TYSND1,0.0059380305333084,amino catabolic,3.1354942159291497,22,153.671865950818,0.8077637788071119,0.0,1.0,0.09192817361505157,0.40500751474500485
Legionella,Tumor_up,17.61221115867515,Bile Acid Biosynthesis,Lipid_or_Membrane,Tumor_vs_Adjacent,3,1.0,4.0,52.836633476025455,Module_20__glycosylation_biosynthetic,77.41935483870968,3,BCAN;BGN;CHPF2;CHST11;CHST12;CHST13;CHST3;CHST7;CHST9;CHSY1;CHSY3;CSGALNACT1;CSPG4;CSPG5;DCN;NCAN;UST;VCAN,0.0310951091989203,glycosylation biosynthetic,3.6635616461296463,38,149.86084948132378,0.7392304035574527,0.0,0.10263929618768376,0.2899690826099874,0.28195063858412417
Legionella,Tumor_up,17.61221115867515,Cardiolipin Biosynthesis,Other,Tumor_vs_Adjacent,3,1.0,1.0,52.836633476025455,Module_20__glycosylation_biosynthetic,77.41935483870968,3,BCAN;BGN;CHPF2;CHST11;CHST12;CHST13;CHST3;CHST7;CHST9;CHSY1;CHSY3;CSGALNACT1;CSPG4;CSPG5;DCN;NCAN;UST;VCAN,0.0310951091989203,glycosylation biosynthetic,3.6635616461296463,38,149.86084948132378,0.7392304035574527,0.0,0.10263929618768376,0.2899690826099874,0.28195063858412417
Emergencia,Adjacent_up,20.6550028931498,Catecholamine Biosynthesis,Lipid_or_Membrane,Tumor_vs_Adjacent,3,0.606,6.0,61.9650086794494,Module_52__metabolic_biosynthetic,83.33333333333333,3,ALDH2;ATP7A;DAO;DBH;DDC;GATA3;GCH1;GPR37;HAND2;HDC;INSM1;KL;MOXD1;NR4A2;NT5DC2;PAH;PARK7;SLC6A3;SNCA;TGFB2;TH,0.0023569870235409,metabolic biosynthetic,2.8903717578961645,17,149.25159255405936,0.8833050729912636,0.0,0.7424242424242424,0.0,0.37412914440352574
Legionella,Tumor_up,17.61221115867515,Beta Oxidation of Very Long Chain Fatty Acids,Lipid_or_Membrane,Tumor_vs_Adjacent,3,1.0,2.0,52.836633476025455,Module_72__amino_catabolic,85.71428571428571,3,ABCB11;ABCC9;ABCD1;ABCD2;ABCD3;ABCD4;ACAA1;ACAA2;ACACB;ACAD10;ACAD11;ACADL;ACOX1;ACOX3;ACOXL;ACSM1;ADH5;ADH7;ADIPOR2;AKT1;AKT2;ALOX15;AMACR;APPL2;AUH;CPT1A;CPT1B;CPT2;CRAT;CROT;DECR1;DGAT2;ECHDC2;ECI1;ECI2;EHHADH;ETFB;ETFBKMT;ETFDH;FMO1;FMO2;FMO4;GDF15;HACL1;HADHA;HADHB;HAO1;HSD17B4;IRS1;KLHL25;LONP2;MAPK14;PDK4;PEX13;PEX2;PEX5;PEX7;PHYH;PLIN5;POR;PPARA;PPARD;PPARGC1A;PRKAA1;PRKAG2;SLC27A2;SOX9;TYSND1,0.0059380305333084,amino catabolic,3.1354942159291497,22,142.0019645599254,0.7392304035574527,0.0,1.0,0.09192817361505157,0.38886191178996865
Streptomyces,Tumor_up,19.1650563481703,Catecholamine Biosynthesis,Lipid_or_Membrane,Tumor_vs_Adjacent,3,0.606,6.0,57.4951690445109,Module_52__metabolic_biosynthetic,83.33333333333333,3,ALDH2;ATP7A;DAO;DBH;DDC;GATA3;GCH1;GPR37;HAND2;HDC;INSM1;KL;MOXD1;NR4A2;NT5DC2;PAH;PARK7;SLC6A3;SNCA;TGFB2;TH,0.0023569870235409,metabolic biosynthetic,2.8903717578961645,17,138.48534401810008,0.8127568479813673,0.0,0.7424242424242424,0.0,0.35610727965099764
Clostridioides,Tumor_up,19.11454456404097,Catecholamine Biosynthesis,Lipid_or_Membrane,Tumor_vs_Adjacent,3,0.606,6.0,57.34363369212291,Module_52__metabolic_biosynthetic,83.33333333333333,3,ALDH2;ATP7A;DAO;DBH;DDC;GATA3;GCH1;GPR37;HAND2;HDC;INSM1;KL;MOXD1;NR4A2;NT5DC2;PAH;PARK7;SLC6A3;SNCA;TGFB2;TH,0.0023569870235409,metabolic biosynthetic,2.8903717578961645,17,138.12034943237916,0.8103651402221763,0.0,0.7424242424242424,0.0,0.35549630703251356
Pseudomonas,Tumor_up,19.0596049896991,Catecholamine Biosynthesis,Lipid_or_Membrane,Tumor_vs_Adjacent,3,0.606,6.0,57.1788149690973,Module_52__metabolic_biosynthetic,83.33333333333333,3,ALDH2;ATP7A;DAO;DBH;DDC;GATA3;GCH1;GPR37;HAND2;HDC;INSM1;KL;MOXD1;NR4A2;NT5DC2;PAH;PARK7;SLC6A3;SNCA;TGFB2;TH,0.0023569870235409,metabolic biosynthetic,2.8903717578961645,17,137.72335994720774,0.8077637788071119,0.0,0.7424242424242424,0.0,0.3548317774346652
Legionella,Tumor_up,17.61221115867515,Catecholamine Biosynthesis,Lipid_or_Membrane,Tumor_vs_Adjacent,3,0.606,6.0,52.836633476025455,Module_52__metabolic_biosynthetic,83.33333333333333,3,ALDH2;ATP7A;DAO;DBH;DDC;GATA3;GCH1;GPR37;HAND2;HDC;INSM1;KL;MOXD1;NR4A2;NT5DC2;PAH;PARK7;SLC6A3;SNCA;TGFB2;TH,0.0023569870235409,metabolic biosynthetic,2.8903717578961645,17,127.26459431784583,0.7392304035574527,0.0,0.7424242424242424,0.0,0.3373246152117977
Dorea_A,Adjacent_up,8.70614910323963,Alanine Metabolism,AminoAcid_or_Nitrogen,Tumor_vs_Adjacent,3,1.0,1.0,26.11844730971889,Module_1__receptor_secretion,80.0,3,ADA;ADA2;ADCY1;ADCY10;ADCY2;ADCY3;ADCY4;ADCY5;ADCY7;ADCY8;ADCY9;ADSL;ADSS1;ADSS2;AK3;AK4;AK7;AK9;ALLC;AMPD2;AMPD3;CANT1;DGUOK;ENPP1;ENPP3;ENPP4;ENTPD1;ENTPD5;GART;GDA;GUCY1A1;GUCY1A2;GUCY1B1;GUCY2C;GUCY2D;GUCY2F;IMPDH2;NME3;NME4;NME7;NPR1;NPR2;NT5C1A;NT5C1B;NT5C1B-RDH14;NT5E;NUDT16;PDE10A;PDE11A;PDE1A;PDE1C;PDE2A;PDE3A;PDE4A;PDE4B;PDE4D;PDE5A;PDE6A;PDE6B;PDE6C;PDE6D;PDE9A;PGM2;PPAT;PRPS1;PRPS1L1;PRUNE1;RRM1;RRM2;XDH,0.0462817835238852,receptor secretion,5.556828061699537,258,116.10857675093337,0.3175328118176032,0.0,0.38181818181818217,1.0,0.33147927348509487
Dorea_A,Adjacent_up,8.70614910323963,Betaine Metabolism,AminoAcid_or_Nitrogen,Tumor_vs_Adjacent,3,1.0,2.0,26.11844730971889,Module_1__receptor_secretion,80.0,3,ADA;ADA2;ADCY1;ADCY10;ADCY2;ADCY3;ADCY4;ADCY5;ADCY7;ADCY8;ADCY9;ADSL;ADSS1;ADSS2;AK3;AK4;AK7;AK9;ALLC;AMPD2;AMPD3;CANT1;DGUOK;ENPP1;ENPP3;ENPP4;ENTPD1;ENTPD5;GART;GDA;GUCY1A1;GUCY1A2;GUCY1B1;GUCY2C;GUCY2D;GUCY2F;IMPDH2;NME3;NME4;NME7;NPR1;NPR2;NT5C1A;NT5C1B;NT5C1B-RDH14;NT5E;NUDT16;PDE10A;PDE11A;PDE1A;PDE1C;PDE2A;PDE3A;PDE4A;PDE4B;PDE4D;PDE5A;PDE6A;PDE6B;PDE6C;PDE6D;PDE9A;PGM2;PPAT;PRPS1;PRPS1L1;PRUNE1;RRM1;RRM2;XDH,0.0462817835238852,receptor secretion,5.556828061699537,258,116.10857675093337,0.3175328118176032,0.0,0.38181818181818217,1.0,0.33147927348509487
UBA2212,Adjacent_up,13.52148378134368,Bile Acid Biosynthesis,Lipid_or_Membrane,Tumor_vs_Adjacent,3,1.0,4.0,40.56445134403104,Module_20__glycosylation_biosynthetic,77.41935483870968,3,BCAN;BGN;CHPF2;CHST11;CHST12;CHST13;CHST3;CHST7;CHST9;CHSY1;CHSY3;CSGALNACT1;CSPG4;CSPG5;DCN;NCAN;UST;VCAN,0.0310951091989203,glycosylation biosynthetic,3.6635616461296463,38,115.05318823763946,0.5455365046437207,0.0,0.10263929618768376,0.2899690826099874,0.22833604263701102
UBA2212,Adjacent_up,13.52148378134368,Cardiolipin Biosynthesis,Other,Tumor_vs_Adjacent,3,1.0,1.0,40.56445134403104,Module_20__glycosylation_biosynthetic,77.41935483870968,3,BCAN;BGN;CHPF2;CHST11;CHST12;CHST13;CHST3;CHST7;CHST9;CHSY1;CHSY3;CSGALNACT1;CSPG4;CSPG5;DCN;NCAN;UST;VCAN,0.0310951091989203,glycosylation biosynthetic,3.6635616461296463,38,115.05318823763946,0.5455365046437207,0.0,0.10263929618768376,0.2899690826099874,0.22833604263701102
Dorea_A,Adjacent_up,8.70614910323963,Caffeine Metabolism,AminoAcid_or_Nitrogen,Tumor_vs_Adjacent,3,1.0,4.0,26.11844730971889,Module_1__receptor_secretion,77.77777777777777,3,ADA;ADA2;ADCY1;ADCY10;ADCY2;ADCY3;ADCY4;ADCY5;ADCY7;ADCY8;ADCY9;ADSL;ADSS1;ADSS2;AK3;AK4;AK7;AK9;ALLC;AMPD2;AMPD3;CANT1;DGUOK;ENPP1;ENPP3;ENPP4;ENTPD1;ENTPD5;GART;GDA;GUCY1A1;GUCY1A2;GUCY1B1;GUCY2C;GUCY2D;GUCY2F;IMPDH2;NME3;NME4;NME7;NPR1;NPR2;NT5C1A;NT5C1B;NT5C1B-RDH14;NT5E;NUDT16;PDE10A;PDE11A;PDE1A;PDE1C;PDE2A;PDE3A;PDE4A;PDE4B;PDE4D;PDE5A;PDE6A;PDE6B;PDE6C;PDE6D;PDE9A;PGM2;PPAT;PRPS1;PRPS1L1;PRUNE1;RRM1;RRM2;XDH,0.0462817835238852,receptor secretion,5.556828061699537,258,112.88333850785186,0.3175328118176032,0.0,0.141414141414141,1.0,0.2966787632246951
Dorea_A,Adjacent_up,8.70614910323963,Biotin Metabolism,AminoAcid_or_Nitrogen,Tumor_vs_Adjacent,3,1.0,2.0,26.11844730971889,Module_1__receptor_secretion,76.47058823529412,3,ADA;ADA2;ADCY1;ADCY10;ADCY2;ADCY3;ADCY4;ADCY5;ADCY7;ADCY8;ADCY9;ADSL;ADSS1;ADSS2;AK3;AK4;AK7;AK9;ALLC;AMPD2;AMPD3;CANT1;DGUOK;ENPP1;ENPP3;ENPP4;ENTPD1;ENTPD5;GART;GDA;GUCY1A1;GUCY1A2;GUCY1B1;GUCY2C;GUCY2D;GUCY2F;IMPDH2;NME3;NME4;NME7;NPR1;NPR2;NT5C1A;NT5C1B;NT5C1B-RDH14;NT5E;NUDT16;PDE10A;PDE11A;PDE1A;PDE1C;PDE2A;PDE3A;PDE4A;PDE4B;PDE4D;PDE5A;PDE6A;PDE6B;PDE6C;PDE6D;PDE9A;PGM2;PPAT;PRPS1;PRPS1L1;PRUNE1;RRM1;RRM2;XDH,0.0462817835238852,receptor secretion,5.556828061699537,258,110.98613954133337,0.3175328118176032,0.0,0.0,1.0,0.27620787483622466
UBA2212,Adjacent_up,13.52148378134368,Beta Oxidation of Very Long Chain Fatty Acids,Lipid_or_Membrane,Tumor_vs_Adjacent,3,1.0,2.0,40.56445134403104,Module_72__amino_catabolic,85.71428571428571,3,ABCB11;ABCC9;ABCD1;ABCD2;ABCD3;ABCD4;ACAA1;ACAA2;ACACB;ACAD10;ACAD11;ACADL;ACOX1;ACOX3;ACOXL;ACSM1;ADH5;ADH7;ADIPOR2;AKT1;AKT2;ALOX15;AMACR;APPL2;AUH;CPT1A;CPT1B;CPT2;CRAT;CROT;DECR1;DGAT2;ECHDC2;ECI1;ECI2;EHHADH;ETFB;ETFBKMT;ETFDH;FMO1;FMO2;FMO4;GDF15;HACL1;HADHA;HADHB;HAO1;HSD17B4;IRS1;KLHL25;LONP2;MAPK14;PDK4;PEX13;PEX2;PEX5;PEX7;PHYH;PLIN5;POR;PPARA;PPARD;PPARGC1A;PRKAA1;PRKAG2;SLC27A2;SOX9;TYSND1,0.0059380305333084,amino catabolic,3.1354942159291497,22,109.01965933847036,0.5455365046437207,0.0,1.0,0.09192817361505157,0.3432300605163138
Anoxybacillus,Tumor_up,12.58197455491161,Bile Acid Biosynthesis,Lipid_or_Membrane,Tumor_vs_Adjacent,3,1.0,4.0,37.74592366473483,Module_20__glycosylation_biosynthetic,77.41935483870968,3,BCAN;BGN;CHPF2;CHST11;CHST12;CHST13;CHST3;CHST7;CHST9;CHSY1;CHSY3;CSGALNACT1;CSPG4;CSPG5;DCN;NCAN;UST;VCAN,0.0310951091989203,glycosylation biosynthetic,3.6635616461296463,38,107.05898186002058,0.50105121184678,0.0,0.10263929618768376,0.2899690826099874,0.21602248494483367
Anoxybacillus,Tumor_up,12.58197455491161,Cardiolipin Biosynthesis,Other,Tumor_vs_Adjacent,3,1.0,1.0,37.74592366473483,Module_20__glycosylation_biosynthetic,77.41935483870968,3,BCAN;BGN;CHPF2;CHST11;CHST12;CHST13;CHST3;CHST7;CHST9;CHSY1;CHSY3;CSGALNACT1;CSPG4;CSPG5;DCN;NCAN;UST;VCAN,0.0310951091989203,glycosylation biosynthetic,3.6635616461296463,38,107.05898186002058,0.50105121184678,0.0,0.10263929618768376,0.2899690826099874,0.21602248494483367
Anoxybacillus,Tumor_up,12.58197455491161,Beta Oxidation of Very Long Chain Fatty Acids,Lipid_or_Membrane,Tumor_vs_Adjacent,3,1.0,2.0,37.74592366473483,Module_72__amino_catabolic,85.71428571428571,3,ABCB11;ABCC9;ABCD1;ABCD2;ABCD3;ABCD4;ACAA1;ACAA2;ACACB;ACAD10;ACAD11;ACADL;ACOX1;ACOX3;ACOXL;ACSM1;ADH5;ADH7;ADIPOR2;AKT1;AKT2;ALOX15;AMACR;APPL2;AUH;CPT1A;CPT1B;CPT2;CRAT;CROT;DECR1;DGAT2;ECHDC2;ECI1;ECI2;EHHADH;ETFB;ETFBKMT;ETFDH;FMO1;FMO2;FMO4;GDF15;HACL1;HADHA;HADHB;HAO1;HSD17B4;IRS1;KLHL25;LONP2;MAPK14;PDK4;PEX13;PEX2;PEX5;PEX7;PHYH;PLIN5;POR;PPARA;PPARD;PPARGC1A;PRKAA1;PRKAG2;SLC27A2;SOX9;TYSND1,0.0059380305333084,amino catabolic,3.1354942159291497,22,101.44467885058222,0.50105121184678,0.0,1.0,0.09192817361505157,0.33274988392758664
UBA2212,Adjacent_up,13.52148378134368,Catecholamine Biosynthesis,Lipid_or_Membrane,Tumor_vs_Adjacent,3,0.606,6.0,40.56445134403104,Module_52__metabolic_biosynthetic,83.33333333333333,3,ALDH2;ATP7A;DAO;DBH;DDC;GATA3;GCH1;GPR37;HAND2;HDC;INSM1;KL;MOXD1;NR4A2;NT5DC2;PAH;PARK7;SLC6A3;SNCA;TGFB2;TH,0.0023569870235409,metabolic biosynthetic,2.8903717578961645,17,97.70528711611702,0.5455365046437207,0.0,0.7424242424242424,0.0,0.2878446283074716
Anoxybacillus,Tumor_up,12.58197455491161,Catecholamine Biosynthesis,Lipid_or_Membrane,Tumor_vs_Adjacent,3,0.606,6.0,37.74592366473483,Module_52__metabolic_biosynthetic,83.33333333333333,3,ALDH2;ATP7A;DAO;DBH;DDC;GATA3;GCH1;GPR37;HAND2;HDC;INSM1;KL;MOXD1;NR4A2;NT5DC2;PAH;PARK7;SLC6A3;SNCA;TGFB2;TH,0.0023569870235409,metabolic biosynthetic,2.8903717578961645,17,90.9164597802117,0.50105121184678,0.0,0.7424242424242424,0.0,0.2764806580566168
Chromatium,Tumor_up,6.0,Alanine Metabolism,AminoAcid_or_Nitrogen,Tumor_vs_Adjacent,3,1.0,1.0,18.0,Module_1__receptor_secretion,80.0,3,ADA;ADA2;ADCY1;ADCY10;ADCY2;ADCY3;ADCY4;ADCY5;ADCY7;ADCY8;ADCY9;ADSL;ADSS1;ADSS2;AK3;AK4;AK7;AK9;ALLC;AMPD2;AMPD3;CANT1;DGUOK;ENPP1;ENPP3;ENPP4;ENTPD1;ENTPD5;GART;GDA;GUCY1A1;GUCY1A2;GUCY1B1;GUCY2C;GUCY2D;GUCY2F;IMPDH2;NME3;NME4;NME7;NPR1;NPR2;NT5C1A;NT5C1B;NT5C1B-RDH14;NT5E;NUDT16;PDE10A;PDE11A;PDE1A;PDE1C;PDE2A;PDE3A;PDE4A;PDE4B;PDE4D;PDE5A;PDE6A;PDE6B;PDE6C;PDE6D;PDE9A;PGM2;PPAT;PRPS1;PRPS1L1;PRUNE1;RRM1;RRM2;XDH,0.0462817835238852,receptor secretion,5.556828061699537,258,80.01832408847334,0.1893980028951091,0.0,0.38181818181818217,1.0,0.3030752809326759
Chromatium,Tumor_up,6.0,Betaine Metabolism,AminoAcid_or_Nitrogen,Tumor_vs_Adjacent,3,1.0,2.0,18.0,Module_1__receptor_secretion,80.0,3,ADA;ADA2;ADCY1;ADCY10;ADCY2;ADCY3;ADCY4;ADCY5;ADCY7;ADCY8;ADCY9;ADSL;ADSS1;ADSS2;AK3;AK4;AK7;AK9;ALLC;AMPD2;AMPD3;CANT1;DGUOK;ENPP1;ENPP3;ENPP4;ENTPD1;ENTPD5;GART;GDA;GUCY1A1;GUCY1A2;GUCY1B1;GUCY2C;GUCY2D;GUCY2F;IMPDH2;NME3;NME4;NME7;NPR1;NPR2;NT5C1A;NT5C1B;NT5C1B-RDH14;NT5E;NUDT16;PDE10A;PDE11A;PDE1A;PDE1C;PDE2A;PDE3A;PDE4A;PDE4B;PDE4D;PDE5A;PDE6A;PDE6B;PDE6C;PDE6D;PDE9A;PGM2;PPAT;PRPS1;PRPS1L1;PRUNE1;RRM1;RRM2;XDH,0.0462817835238852,receptor secretion,5.556828061699537,258,80.01832408847334,0.1893980028951091,0.0,0.38181818181818217,1.0,0.3030752809326759
Chromatium,Tumor_up,6.0,Caffeine Metabolism,AminoAcid_or_Nitrogen,Tumor_vs_Adjacent,3,1.0,4.0,18.0,Module_1__receptor_secretion,77.77777777777777,3,ADA;ADA2;ADCY1;ADCY10;ADCY2;ADCY3;ADCY4;ADCY5;ADCY7;ADCY8;ADCY9;ADSL;ADSS1;ADSS2;AK3;AK4;AK7;AK9;ALLC;AMPD2;AMPD3;CANT1;DGUOK;ENPP1;ENPP3;ENPP4;ENTPD1;ENTPD5;GART;GDA;GUCY1A1;GUCY1A2;GUCY1B1;GUCY2C;GUCY2D;GUCY2F;IMPDH2;NME3;NME4;NME7;NPR1;NPR2;NT5C1A;NT5C1B;NT5C1B-RDH14;NT5E;NUDT16;PDE10A;PDE11A;PDE1A;PDE1C;PDE2A;PDE3A;PDE4A;PDE4B;PDE4D;PDE5A;PDE6A;PDE6B;PDE6C;PDE6D;PDE9A;PGM2;PPAT;PRPS1;PRPS1L1;PRUNE1;RRM1;RRM2;XDH,0.0462817835238852,receptor secretion,5.556828061699537,258,77.79559286379352,0.1893980028951091,0.0,0.141414141414141,1.0,0.2667961726347704
Chromatium,Tumor_up,6.0,Biotin Metabolism,AminoAcid_or_Nitrogen,Tumor_vs_Adjacent,3,1.0,2.0,18.0,Module_1__receptor_secretion,76.47058823529412,3,ADA;ADA2;ADCY1;ADCY10;ADCY2;ADCY3;ADCY4;ADCY5;ADCY7;ADCY8;ADCY9;ADSL;ADSS1;ADSS2;AK3;AK4;AK7;AK9;ALLC;AMPD2;AMPD3;CANT1;DGUOK;ENPP1;ENPP3;ENPP4;ENTPD1;ENTPD5;GART;GDA;GUCY1A1;GUCY1A2;GUCY1B1;GUCY2C;GUCY2D;GUCY2F;IMPDH2;NME3;NME4;NME7;NPR1;NPR2;NT5C1A;NT5C1B;NT5C1B-RDH14;NT5E;NUDT16;PDE10A;PDE11A;PDE1A;PDE1C;PDE2A;PDE3A;PDE4A;PDE4B;PDE4D;PDE5A;PDE6A;PDE6B;PDE6C;PDE6D;PDE9A;PGM2;PPAT;PRPS1;PRPS1L1;PRUNE1;RRM1;RRM2;XDH,0.0462817835238852,receptor secretion,5.556828061699537,258,76.4881039080995,0.1893980028951091,0.0,0.0,1.0,0.24545552069482612
Dorea_A,Adjacent_up,8.70614910323963,Bile Acid Biosynthesis,Lipid_or_Membrane,Tumor_vs_Adjacent,3,1.0,4.0,26.11844730971889,Module_20__glycosylation_biosynthetic,77.41935483870968,3,BCAN;BGN;CHPF2;CHST11;CHST12;CHST13;CHST3;CHST7;CHST9;CHSY1;CHSY3;CSGALNACT1;CSPG4;CSPG5;DCN;NCAN;UST;VCAN,0.0310951091989203,glycosylation biosynthetic,3.6635616461296463,38,74.07990334478258,0.3175328118176032,0.0,0.10263929618768376,0.2899690826099874,0.16522447364140458
Dorea_A,Adjacent_up,8.70614910323963,Cardiolipin Biosynthesis,Other,Tumor_vs_Adjacent,3,1.0,1.0,26.11844730971889,Module_20__glycosylation_biosynthetic,77.41935483870968,3,BCAN;BGN;CHPF2;CHST11;CHST12;CHST13;CHST3;CHST7;CHST9;CHSY1;CHSY3;CSGALNACT1;CSPG4;CSPG5;DCN;NCAN;UST;VCAN,0.0310951091989203,glycosylation biosynthetic,3.6635616461296463,38,74.07990334478258,0.3175328118176032,0.0,0.10263929618768376,0.2899690826099874,0.16522447364140458
Dorea_A,Adjacent_up,8.70614910323963,Beta Oxidation of Very Long Chain Fatty Acids,Lipid_or_Membrane,Tumor_vs_Adjacent,3,1.0,2.0,26.11844730971889,Module_72__amino_catabolic,85.71428571428571,3,ABCB11;ABCC9;ABCD1;ABCD2;ABCD3;ABCD4;ACAA1;ACAA2;ACACB;ACAD10;ACAD11;ACADL;ACOX1;ACOX3;ACOXL;ACSM1;ADH5;ADH7;ADIPOR2;AKT1;AKT2;ALOX15;AMACR;APPL2;AUH;CPT1A;CPT1B;CPT2;CRAT;CROT;DECR1;DGAT2;ECHDC2;ECI1;ECI2;EHHADH;ETFB;ETFBKMT;ETFDH;FMO1;FMO2;FMO4;GDF15;HACL1;HADHA;HADHB;HAO1;HSD17B4;IRS1;KLHL25;LONP2;MAPK14;PDK4;PEX13;PEX2;PEX5;PEX7;PHYH;PLIN5;POR;PPARA;PPARD;PPARGC1A;PRKAA1;PRKAG2;SLC27A2;SOX9;TYSND1,0.0059380305333084,amino catabolic,3.1354942159291497,22,70.19506325886329,0.3175328118176032,0.0,1.0,0.09192817361505157,0.2895152524648772
Dorea_A,Adjacent_up,8.70614910323963,Catecholamine Biosynthesis,Lipid_or_Membrane,Tumor_vs_Adjacent,3,0.606,6.0,26.11844730971889,Module_52__metabolic_biosynthetic,83.33333333333333,3,ALDH2;ATP7A;DAO;DBH;DDC;GATA3;GCH1;GPR37;HAND2;HDC;INSM1;KL;MOXD1;NR4A2;NT5DC2;PAH;PARK7;SLC6A3;SNCA;TGFB2;TH,0.0023569870235409,metabolic biosynthetic,2.8903717578961645,17,62.910018720092104,0.3175328118176032,0.0,0.7424242424242424,0.0,0.22960004859461802
Collinsella,Tumor_up,4.0,Alanine Metabolism,AminoAcid_or_Nitrogen,Tumor_vs_Adjacent,3,1.0,1.0,12.0,Module_1__receptor_secretion,80.0,3,ADA;ADA2;ADCY1;ADCY10;ADCY2;ADCY3;ADCY4;ADCY5;ADCY7;ADCY8;ADCY9;ADSL;ADSS1;ADSS2;AK3;AK4;AK7;AK9;ALLC;AMPD2;AMPD3;CANT1;DGUOK;ENPP1;ENPP3;ENPP4;ENTPD1;ENTPD5;GART;GDA;GUCY1A1;GUCY1A2;GUCY1B1;GUCY2C;GUCY2D;GUCY2F;IMPDH2;NME3;NME4;NME7;NPR1;NPR2;NT5C1A;NT5C1B;NT5C1B-RDH14;NT5E;NUDT16;PDE10A;PDE11A;PDE1A;PDE1C;PDE2A;PDE3A;PDE4A;PDE4B;PDE4D;PDE5A;PDE6A;PDE6B;PDE6C;PDE6D;PDE9A;PGM2;PPAT;PRPS1;PRPS1L1;PRUNE1;RRM1;RRM2;XDH,0.0462817835238852,receptor secretion,5.556828061699537,258,53.34554939231557,0.09469900144755455,0.0,0.38181818181818217,1.0,0.2820830950117924
Collinsella,Tumor_up,4.0,Betaine Metabolism,AminoAcid_or_Nitrogen,Tumor_vs_Adjacent,3,1.0,2.0,12.0,Module_1__receptor_secretion,80.0,3,ADA;ADA2;ADCY1;ADCY10;ADCY2;ADCY3;ADCY4;ADCY5;ADCY7;ADCY8;ADCY9;ADSL;ADSS1;ADSS2;AK3;AK4;AK7;AK9;ALLC;AMPD2;AMPD3;CANT1;DGUOK;ENPP1;ENPP3;ENPP4;ENTPD1;ENTPD5;GART;GDA;GUCY1A1;GUCY1A2;GUCY1B1;GUCY2C;GUCY2D;GUCY2F;IMPDH2;NME3;NME4;NME7;NPR1;NPR2;NT5C1A;NT5C1B;NT5C1B-RDH14;NT5E;NUDT16;PDE10A;PDE11A;PDE1A;PDE1C;PDE2A;PDE3A;PDE4A;PDE4B;PDE4D;PDE5A;PDE6A;PDE6B;PDE6C;PDE6D;PDE9A;PGM2;PPAT;PRPS1;PRPS1L1;PRUNE1;RRM1;RRM2;XDH,0.0462817835238852,receptor secretion,5.556828061699537,258,53.34554939231557,0.09469900144755455,0.0,0.38181818181818217,1.0,0.2820830950117924
Collinsella,Tumor_up,4.0,Caffeine Metabolism,AminoAcid_or_Nitrogen,Tumor_vs_Adjacent,3,1.0,4.0,12.0,Module_1__receptor_secretion,77.77777777777777,3,ADA;ADA2;ADCY1;ADCY10;ADCY2;ADCY3;ADCY4;ADCY5;ADCY7;ADCY8;ADCY9;ADSL;ADSS1;ADSS2;AK3;AK4;AK7;AK9;ALLC;AMPD2;AMPD3;CANT1;DGUOK;ENPP1;ENPP3;ENPP4;ENTPD1;ENTPD5;GART;GDA;GUCY1A1;GUCY1A2;GUCY1B1;GUCY2C;GUCY2D;GUCY2F;IMPDH2;NME3;NME4;NME7;NPR1;NPR2;NT5C1A;NT5C1B;NT5C1B-RDH14;NT5E;NUDT16;PDE10A;PDE11A;PDE1A;PDE1C;PDE2A;PDE3A;PDE4A;PDE4B;PDE4D;PDE5A;PDE6A;PDE6B;PDE6C;PDE6D;PDE9A;PGM2;PPAT;PRPS1;PRPS1L1;PRUNE1;RRM1;RRM2;XDH,0.0462817835238852,receptor secretion,5.556828061699537,258,51.86372857586234,0.09469900144755455,0.0,0.141414141414141,1.0,0.2447112176305165
Chromatium,Tumor_up,6.0,Bile Acid Biosynthesis,Lipid_or_Membrane,Tumor_vs_Adjacent,3,1.0,4.0,18.0,Module_20__glycosylation_biosynthetic,77.41935483870968,3,BCAN;BGN;CHPF2;CHST11;CHST12;CHST13;CHST3;CHST7;CHST9;CHSY1;CHSY3;CSGALNACT1;CSPG4;CSPG5;DCN;NCAN;UST;VCAN,0.0310951091989203,glycosylation biosynthetic,3.6635616461296463,38,51.05350422993572,0.1893980028951091,0.0,0.10263929618768376,0.2899690826099874,0.12975667602017027
Chromatium,Tumor_up,6.0,Cardiolipin Biosynthesis,Other,Tumor_vs_Adjacent,3,1.0,1.0,18.0,Module_20__glycosylation_biosynthetic,77.41935483870968,3,BCAN;BGN;CHPF2;CHST11;CHST12;CHST13;CHST3;CHST7;CHST9;CHSY1;CHSY3;CSGALNACT1;CSPG4;CSPG5;DCN;NCAN;UST;VCAN,0.0310951091989203,glycosylation biosynthetic,3.6635616461296463,38,51.05350422993572,0.1893980028951091,0.0,0.10263929618768376,0.2899690826099874,0.12975667602017027
Collinsella,Tumor_up,4.0,Biotin Metabolism,AminoAcid_or_Nitrogen,Tumor_vs_Adjacent,3,1.0,2.0,12.0,Module_1__receptor_secretion,76.47058823529412,3,ADA;ADA2;ADCY1;ADCY10;ADCY2;ADCY3;ADCY4;ADCY5;ADCY7;ADCY8;ADCY9;ADSL;ADSS1;ADSS2;AK3;AK4;AK7;AK9;ALLC;AMPD2;AMPD3;CANT1;DGUOK;ENPP1;ENPP3;ENPP4;ENTPD1;ENTPD5;GART;GDA;GUCY1A1;GUCY1A2;GUCY1B1;GUCY2C;GUCY2D;GUCY2F;IMPDH2;NME3;NME4;NME7;NPR1;NPR2;NT5C1A;NT5C1B;NT5C1B-RDH14;NT5E;NUDT16;PDE10A;PDE11A;PDE1A;PDE1C;PDE2A;PDE3A;PDE4A;PDE4B;PDE4D;PDE5A;PDE6A;PDE6B;PDE6C;PDE6D;PDE9A;PGM2;PPAT;PRPS1;PRPS1L1;PRUNE1;RRM1;RRM2;XDH,0.0462817835238852,receptor secretion,5.556828061699537,258,50.99206927206634,0.09469900144755455,0.0,0.0,1.0,0.22272776034741304
Chromatium,Tumor_up,6.0,Beta Oxidation of Very Long Chain Fatty Acids,Lipid_or_Membrane,Tumor_vs_Adjacent,3,1.0,2.0,18.0,Module_72__amino_catabolic,85.71428571428571,3,ABCB11;ABCC9;ABCD1;ABCD2;ABCD3;ABCD4;ACAA1;ACAA2;ACACB;ACAD10;ACAD11;ACADL;ACOX1;ACOX3;ACOXL;ACSM1;ADH5;ADH7;ADIPOR2;AKT1;AKT2;ALOX15;AMACR;APPL2;AUH;CPT1A;CPT1B;CPT2;CRAT;CROT;DECR1;DGAT2;ECHDC2;ECI1;ECI2;EHHADH;ETFB;ETFBKMT;ETFDH;FMO1;FMO2;FMO4;GDF15;HACL1;HADHA;HADHB;HAO1;HSD17B4;IRS1;KLHL25;LONP2;MAPK14;PDK4;PEX13;PEX2;PEX5;PEX7;PHYH;PLIN5;POR;PPARA;PPARD;PPARGC1A;PRKAA1;PRKAG2;SLC27A2;SOX9;TYSND1,0.0059380305333084,amino catabolic,3.1354942159291497,22,48.376196474335444,0.1893980028951091,0.0,1.0,0.09192817361505157,0.25932829987359507
Chromatium,Tumor_up,6.0,Catecholamine Biosynthesis,Lipid_or_Membrane,Tumor_vs_Adjacent,3,0.606,6.0,18.0,Module_52__metabolic_biosynthetic,83.33333333333333,3,ALDH2;ATP7A;DAO;DBH;DDC;GATA3;GCH1;GPR37;HAND2;HDC;INSM1;KL;MOXD1;NR4A2;NT5DC2;PAH;PARK7;SLC6A3;SNCA;TGFB2;TH,0.0023569870235409,metabolic biosynthetic,2.8903717578961645,17,43.35557636844246,0.1893980028951091,0.0,0.7424242424242424,0.0,0.19686742922441725
Veillonella,Adjacent_up,3.0,Alanine Metabolism,AminoAcid_or_Nitrogen,Tumor_vs_Adjacent,3,1.0,1.0,9.0,Module_1__receptor_secretion,80.0,3,ADA;ADA2;ADCY1;ADCY10;ADCY2;ADCY3;ADCY4;ADCY5;ADCY7;ADCY8;ADCY9;ADSL;ADSS1;ADSS2;AK3;AK4;AK7;AK9;ALLC;AMPD2;AMPD3;CANT1;DGUOK;ENPP1;ENPP3;ENPP4;ENTPD1;ENTPD5;GART;GDA;GUCY1A1;GUCY1A2;GUCY1B1;GUCY2C;GUCY2D;GUCY2F;IMPDH2;NME3;NME4;NME7;NPR1;NPR2;NT5C1A;NT5C1B;NT5C1B-RDH14;NT5E;NUDT16;PDE10A;PDE11A;PDE1A;PDE1C;PDE2A;PDE3A;PDE4A;PDE4B;PDE4D;PDE5A;PDE6A;PDE6B;PDE6C;PDE6D;PDE9A;PGM2;PPAT;PRPS1;PRPS1L1;PRUNE1;RRM1;RRM2;XDH,0.0462817835238852,receptor secretion,5.556828061699537,258,40.00916204423667,0.04734950072377728,0.0,0.38181818181818217,1.0,0.2715870020513508
Veillonella,Adjacent_up,3.0,Betaine Metabolism,AminoAcid_or_Nitrogen,Tumor_vs_Adjacent,3,1.0,2.0,9.0,Module_1__receptor_secretion,80.0,3,ADA;ADA2;ADCY1;ADCY10;ADCY2;ADCY3;ADCY4;ADCY5;ADCY7;ADCY8;ADCY9;ADSL;ADSS1;ADSS2;AK3;AK4;AK7;AK9;ALLC;AMPD2;AMPD3;CANT1;DGUOK;ENPP1;ENPP3;ENPP4;ENTPD1;ENTPD5;GART;GDA;GUCY1A1;GUCY1A2;GUCY1B1;GUCY2C;GUCY2D;GUCY2F;IMPDH2;NME3;NME4;NME7;NPR1;NPR2;NT5C1A;NT5C1B;NT5C1B-RDH14;NT5E;NUDT16;PDE10A;PDE11A;PDE1A;PDE1C;PDE2A;PDE3A;PDE4A;PDE4B;PDE4D;PDE5A;PDE6A;PDE6B;PDE6C;PDE6D;PDE9A;PGM2;PPAT;PRPS1;PRPS1L1;PRUNE1;RRM1;RRM2;XDH,0.0462817835238852,receptor secretion,5.556828061699537,258,40.00916204423667,0.04734950072377728,0.0,0.38181818181818217,1.0,0.2715870020513508
Vibrio,Adjacent_up,3.0,Alanine Metabolism,AminoAcid_or_Nitrogen,Tumor_vs_Adjacent,3,1.0,1.0,9.0,Module_1__receptor_secretion,80.0,3,ADA;ADA2;ADCY1;ADCY10;ADCY2;ADCY3;ADCY4;ADCY5;ADCY7;ADCY8;ADCY9;ADSL;ADSS1;ADSS2;AK3;AK4;AK7;AK9;ALLC;AMPD2;AMPD3;CANT1;DGUOK;ENPP1;ENPP3;ENPP4;ENTPD1;ENTPD5;GART;GDA;GUCY1A1;GUCY1A2;GUCY1B1;GUCY2C;GUCY2D;GUCY2F;IMPDH2;NME3;NME4;NME7;NPR1;NPR2;NT5C1A;NT5C1B;NT5C1B-RDH14;NT5E;NUDT16;PDE10A;PDE11A;PDE1A;PDE1C;PDE2A;PDE3A;PDE4A;PDE4B;PDE4D;PDE5A;PDE6A;PDE6B;PDE6C;PDE6D;PDE9A;PGM2;PPAT;PRPS1;PRPS1L1;PRUNE1;RRM1;RRM2;XDH,0.0462817835238852,receptor secretion,5.556828061699537,258,40.00916204423667,0.04734950072377728,0.0,0.38181818181818217,1.0,0.2715870020513508
Vibrio,Adjacent_up,3.0,Betaine Metabolism,AminoAcid_or_Nitrogen,Tumor_vs_Adjacent,3,1.0,2.0,9.0,Module_1__receptor_secretion,80.0,3,ADA;ADA2;ADCY1;ADCY10;ADCY2;ADCY3;ADCY4;ADCY5;ADCY7;ADCY8;ADCY9;ADSL;ADSS1;ADSS2;AK3;AK4;AK7;AK9;ALLC;AMPD2;AMPD3;CANT1;DGUOK;ENPP1;ENPP3;ENPP4;ENTPD1;ENTPD5;GART;GDA;GUCY1A1;GUCY1A2;GUCY1B1;GUCY2C;GUCY2D;GUCY2F;IMPDH2;NME3;NME4;NME7;NPR1;NPR2;NT5C1A;NT5C1B;NT5C1B-RDH14;NT5E;NUDT16;PDE10A;PDE11A;PDE1A;PDE1C;PDE2A;PDE3A;PDE4A;PDE4B;PDE4D;PDE5A;PDE6A;PDE6B;PDE6C;PDE6D;PDE9A;PGM2;PPAT;PRPS1;PRPS1L1;PRUNE1;RRM1;RRM2;XDH,0.0462817835238852,receptor secretion,5.556828061699537,258,40.00916204423667,0.04734950072377728,0.0,0.38181818181818217,1.0,0.2715870020513508
Veillonella,Adjacent_up,3.0,Caffeine Metabolism,AminoAcid_or_Nitrogen,Tumor_vs_Adjacent,3,1.0,4.0,9.0,Module_1__receptor_secretion,77.77777777777777,3,ADA;ADA2;ADCY1;ADCY10;ADCY2;ADCY3;ADCY4;ADCY5;ADCY7;ADCY8;ADCY9;ADSL;ADSS1;ADSS2;AK3;AK4;AK7;AK9;ALLC;AMPD2;AMPD3;CANT1;DGUOK;ENPP1;ENPP3;ENPP4;ENTPD1;ENTPD5;GART;GDA;GUCY1A1;GUCY1A2;GUCY1B1;GUCY2C;GUCY2D;GUCY2F;IMPDH2;NME3;NME4;NME7;NPR1;NPR2;NT5C1A;NT5C1B;NT5C1B-RDH14;NT5E;NUDT16;PDE10A;PDE11A;PDE1A;PDE1C;PDE2A;PDE3A;PDE4A;PDE4B;PDE4D;PDE5A;PDE6A;PDE6B;PDE6C;PDE6D;PDE9A;PGM2;PPAT;PRPS1;PRPS1L1;PRUNE1;RRM1;RRM2;XDH,0.0462817835238852,receptor secretion,5.556828061699537,258,38.89779643189676,0.04734950072377728,0.0,0.141414141414141,1.0,0.23366874012838945
Vibrio,Adjacent_up,3.0,Caffeine Metabolism,AminoAcid_or_Nitrogen,Tumor_vs_Adjacent,3,1.0,4.0,9.0,Module_1__receptor_secretion,77.77777777777777,3,ADA;ADA2;ADCY1;ADCY10;ADCY2;ADCY3;ADCY4;ADCY5;ADCY7;ADCY8;ADCY9;ADSL;ADSS1;ADSS2;AK3;AK4;AK7;AK9;ALLC;AMPD2;AMPD3;CANT1;DGUOK;ENPP1;ENPP3;ENPP4;ENTPD1;ENTPD5;GART;GDA;GUCY1A1;GUCY1A2;GUCY1B1;GUCY2C;GUCY2D;GUCY2F;IMPDH2;NME3;NME4;NME7;NPR1;NPR2;NT5C1A;NT5C1B;NT5C1B-RDH14;NT5E;NUDT16;PDE10A;PDE11A;PDE1A;PDE1C;PDE2A;PDE3A;PDE4A;PDE4B;PDE4D;PDE5A;PDE6A;PDE6B;PDE6C;PDE6D;PDE9A;PGM2;PPAT;PRPS1;PRPS1L1;PRUNE1;RRM1;RRM2;XDH,0.0462817835238852,receptor secretion,5.556828061699537,258,38.89779643189676,0.04734950072377728,0.0,0.141414141414141,1.0,0.23366874012838945
Veillonella,Adjacent_up,3.0,Biotin Metabolism,AminoAcid_or_Nitrogen,Tumor_vs_Adjacent,3,1.0,2.0,9.0,Module_1__receptor_secretion,76.47058823529412,3,ADA;ADA2;ADCY1;ADCY10;ADCY2;ADCY3;ADCY4;ADCY5;ADCY7;ADCY8;ADCY9;ADSL;ADSS1;ADSS2;AK3;AK4;AK7;AK9;ALLC;AMPD2;AMPD3;CANT1;DGUOK;ENPP1;ENPP3;ENPP4;ENTPD1;ENTPD5;GART;GDA;GUCY1A1;GUCY1A2;GUCY1B1;GUCY2C;GUCY2D;GUCY2F;IMPDH2;NME3;NME4;NME7;NPR1;NPR2;NT5C1A;NT5C1B;NT5C1B-RDH14;NT5E;NUDT16;PDE10A;PDE11A;PDE1A;PDE1C;PDE2A;PDE3A;PDE4A;PDE4B;PDE4D;PDE5A;PDE6A;PDE6B;PDE6C;PDE6D;PDE9A;PGM2;PPAT;PRPS1;PRPS1L1;PRUNE1;RRM1;RRM2;XDH,0.0462817835238852,receptor secretion,5.556828061699537,258,38.24405195404975,0.04734950072377728,0.0,0.0,1.0,0.21136388017370644
Vibrio,Adjacent_up,3.0,Biotin Metabolism,AminoAcid_or_Nitrogen,Tumor_vs_Adjacent,3,1.0,2.0,9.0,Module_1__receptor_secretion,76.47058823529412,3,ADA;ADA2;ADCY1;ADCY10;ADCY2;ADCY3;ADCY4;ADCY5;ADCY7;ADCY8;ADCY9;ADSL;ADSS1;ADSS2;AK3;AK4;AK7;AK9;ALLC;AMPD2;AMPD3;CANT1;DGUOK;ENPP1;ENPP3;ENPP4;ENTPD1;ENTPD5;GART;GDA;GUCY1A1;GUCY1A2;GUCY1B1;GUCY2C;GUCY2D;GUCY2F;IMPDH2;NME3;NME4;NME7;NPR1;NPR2;NT5C1A;NT5C1B;NT5C1B-RDH14;NT5E;NUDT16;PDE10A;PDE11A;PDE1A;PDE1C;PDE2A;PDE3A;PDE4A;PDE4B;PDE4D;PDE5A;PDE6A;PDE6B;PDE6C;PDE6D;PDE9A;PGM2;PPAT;PRPS1;PRPS1L1;PRUNE1;RRM1;RRM2;XDH,0.0462817835238852,receptor secretion,5.556828061699537,258,38.24405195404975,0.04734950072377728,0.0,0.0,1.0,0.21136388017370644
Collinsella,Tumor_up,4.0,Bile Acid Biosynthesis,Lipid_or_Membrane,Tumor_vs_Adjacent,3,1.0,4.0,12.0,Module_20__glycosylation_biosynthetic,77.41935483870968,3,BCAN;BGN;CHPF2;CHST11;CHST12;CHST13;CHST3;CHST7;CHST9;CHSY1;CHSY3;CSGALNACT1;CSPG4;CSPG5;DCN;NCAN;UST;VCAN,0.0310951091989203,glycosylation biosynthetic,3.6635616461296463,38,34.03566948662381,0.09469900144755455,0.0,0.10263929618768376,0.2899690826099874,0.10354393143874674
Collinsella,Tumor_up,4.0,Cardiolipin Biosynthesis,Other,Tumor_vs_Adjacent,3,1.0,1.0,12.0,Module_20__glycosylation_biosynthetic,77.41935483870968,3,BCAN;BGN;CHPF2;CHST11;CHST12;CHST13;CHST3;CHST7;CHST9;CHSY1;CHSY3;CSGALNACT1;CSPG4;CSPG5;DCN;NCAN;UST;VCAN,0.0310951091989203,glycosylation biosynthetic,3.6635616461296463,38,34.03566948662381,0.09469900144755455,0.0,0.10263929618768376,0.2899690826099874,0.10354393143874674
Collinsella,Tumor_up,4.0,Beta Oxidation of Very Long Chain Fatty Acids,Lipid_or_Membrane,Tumor_vs_Adjacent,3,1.0,2.0,12.0,Module_72__amino_catabolic,85.71428571428571,3,ABCB11;ABCC9;ABCD1;ABCD2;ABCD3;ABCD4;ACAA1;ACAA2;ACACB;ACAD10;ACAD11;ACADL;ACOX1;ACOX3;ACOXL;ACSM1;ADH5;ADH7;ADIPOR2;AKT1;AKT2;ALOX15;AMACR;APPL2;AUH;CPT1A;CPT1B;CPT2;CRAT;CROT;DECR1;DGAT2;ECHDC2;ECI1;ECI2;EHHADH;ETFB;ETFBKMT;ETFDH;FMO1;FMO2;FMO4;GDF15;HACL1;HADHA;HADHB;HAO1;HSD17B4;IRS1;KLHL25;LONP2;MAPK14;PDK4;PEX13;PEX2;PEX5;PEX7;PHYH;PLIN5;POR;PPARA;PPARD;PPARGC1A;PRKAA1;PRKAG2;SLC27A2;SOX9;TYSND1,0.0059380305333084,amino catabolic,3.1354942159291497,22,32.250797649556965,0.09469900144755455,0.0,1.0,0.09192817361505157,0.2370184038260017
Collinsella,Tumor_up,4.0,Catecholamine Biosynthesis,Lipid_or_Membrane,Tumor_vs_Adjacent,3,0.606,6.0,12.0,Module_52__metabolic_biosynthetic,83.33333333333333,3,ALDH2;ATP7A;DAO;DBH;DDC;GATA3;GCH1;GPR37;HAND2;HDC;INSM1;KL;MOXD1;NR4A2;NT5DC2;PAH;PARK7;SLC6A3;SNCA;TGFB2;TH,0.0023569870235409,metabolic biosynthetic,2.8903717578961645,17,28.903717578961647,0.09469900144755455,0.0,0.7424242424242424,0.0,0.17267613885463284
Azonexus,Tumor_up,2.0,Alanine Metabolism,AminoAcid_or_Nitrogen,Tumor_vs_Adjacent,3,1.0,1.0,6.0,Module_1__receptor_secretion,80.0,3,ADA;ADA2;ADCY1;ADCY10;ADCY2;ADCY3;ADCY4;ADCY5;ADCY7;ADCY8;ADCY9;ADSL;ADSS1;ADSS2;AK3;AK4;AK7;AK9;ALLC;AMPD2;AMPD3;CANT1;DGUOK;ENPP1;ENPP3;ENPP4;ENTPD1;ENTPD5;GART;GDA;GUCY1A1;GUCY1A2;GUCY1B1;GUCY2C;GUCY2D;GUCY2F;IMPDH2;NME3;NME4;NME7;NPR1;NPR2;NT5C1A;NT5C1B;NT5C1B-RDH14;NT5E;NUDT16;PDE10A;PDE11A;PDE1A;PDE1C;PDE2A;PDE3A;PDE4A;PDE4B;PDE4D;PDE5A;PDE6A;PDE6B;PDE6C;PDE6D;PDE9A;PGM2;PPAT;PRPS1;PRPS1L1;PRUNE1;RRM1;RRM2;XDH,0.0462817835238852,receptor secretion,5.556828061699537,258,26.672774696157784,0.0,0.0,0.38181818181818217,1.0,0.26109090909090904
Azonexus,Tumor_up,2.0,Betaine Metabolism,AminoAcid_or_Nitrogen,Tumor_vs_Adjacent,3,1.0,2.0,6.0,Module_1__receptor_secretion,80.0,3,ADA;ADA2;ADCY1;ADCY10;ADCY2;ADCY3;ADCY4;ADCY5;ADCY7;ADCY8;ADCY9;ADSL;ADSS1;ADSS2;AK3;AK4;AK7;AK9;ALLC;AMPD2;AMPD3;CANT1;DGUOK;ENPP1;ENPP3;ENPP4;ENTPD1;ENTPD5;GART;GDA;GUCY1A1;GUCY1A2;GUCY1B1;GUCY2C;GUCY2D;GUCY2F;IMPDH2;NME3;NME4;NME7;NPR1;NPR2;NT5C1A;NT5C1B;NT5C1B-RDH14;NT5E;NUDT16;PDE10A;PDE11A;PDE1A;PDE1C;PDE2A;PDE3A;PDE4A;PDE4B;PDE4D;PDE5A;PDE6A;PDE6B;PDE6C;PDE6D;PDE9A;PGM2;PPAT;PRPS1;PRPS1L1;PRUNE1;RRM1;RRM2;XDH,0.0462817835238852,receptor secretion,5.556828061699537,258,26.672774696157784,0.0,0.0,0.38181818181818217,1.0,0.26109090909090904
Cutibacterium,Tumor_up,2.0,Alanine Metabolism,AminoAcid_or_Nitrogen,Tumor_vs_Adjacent,3,1.0,1.0,6.0,Module_1__receptor_secretion,80.0,3,ADA;ADA2;ADCY1;ADCY10;ADCY2;ADCY3;ADCY4;ADCY5;ADCY7;ADCY8;ADCY9;ADSL;ADSS1;ADSS2;AK3;AK4;AK7;AK9;ALLC;AMPD2;AMPD3;CANT1;DGUOK;ENPP1;ENPP3;ENPP4;ENTPD1;ENTPD5;GART;GDA;GUCY1A1;GUCY1A2;GUCY1B1;GUCY2C;GUCY2D;GUCY2F;IMPDH2;NME3;NME4;NME7;NPR1;NPR2;NT5C1A;NT5C1B;NT5C1B-RDH14;NT5E;NUDT16;PDE10A;PDE11A;PDE1A;PDE1C;PDE2A;PDE3A;PDE4A;PDE4B;PDE4D;PDE5A;PDE6A;PDE6B;PDE6C;PDE6D;PDE9A;PGM2;PPAT;PRPS1;PRPS1L1;PRUNE1;RRM1;RRM2;XDH,0.0462817835238852,receptor secretion,5.556828061699537,258,26.672774696157784,0.0,0.0,0.38181818181818217,1.0,0.26109090909090904
Cutibacterium,Tumor_up,2.0,Betaine Metabolism,AminoAcid_or_Nitrogen,Tumor_vs_Adjacent,3,1.0,2.0,6.0,Module_1__receptor_secretion,80.0,3,ADA;ADA2;ADCY1;ADCY10;ADCY2;ADCY3;ADCY4;ADCY5;ADCY7;ADCY8;ADCY9;ADSL;ADSS1;ADSS2;AK3;AK4;AK7;AK9;ALLC;AMPD2;AMPD3;CANT1;DGUOK;ENPP1;ENPP3;ENPP4;ENTPD1;ENTPD5;GART;GDA;GUCY1A1;GUCY1A2;GUCY1B1;GUCY2C;GUCY2D;GUCY2F;IMPDH2;NME3;NME4;NME7;NPR1;NPR2;NT5C1A;NT5C1B;NT5C1B-RDH14;NT5E;NUDT16;PDE10A;PDE11A;PDE1A;PDE1C;PDE2A;PDE3A;PDE4A;PDE4B;PDE4D;PDE5A;PDE6A;PDE6B;PDE6C;PDE6D;PDE9A;PGM2;PPAT;PRPS1;PRPS1L1;PRUNE1;RRM1;RRM2;XDH,0.0462817835238852,receptor secretion,5.556828061699537,258,26.672774696157784,0.0,0.0,0.38181818181818217,1.0,0.26109090909090904
Muricomes,Adjacent_up,2.0,Alanine Metabolism,AminoAcid_or_Nitrogen,Tumor_vs_Adjacent,3,1.0,1.0,6.0,Module_1__receptor_secretion,80.0,3,ADA;ADA2;ADCY1;ADCY10;ADCY2;ADCY3;ADCY4;ADCY5;ADCY7;ADCY8;ADCY9;ADSL;ADSS1;ADSS2;AK3;AK4;AK7;AK9;ALLC;AMPD2;AMPD3;CANT1;DGUOK;ENPP1;ENPP3;ENPP4;ENTPD1;ENTPD5;GART;GDA;GUCY1A1;GUCY1A2;GUCY1B1;GUCY2C;GUCY2D;GUCY2F;IMPDH2;NME3;NME4;NME7;NPR1;NPR2;NT5C1A;NT5C1B;NT5C1B-RDH14;NT5E;NUDT16;PDE10A;PDE11A;PDE1A;PDE1C;PDE2A;PDE3A;PDE4A;PDE4B;PDE4D;PDE5A;PDE6A;PDE6B;PDE6C;PDE6D;PDE9A;PGM2;PPAT;PRPS1;PRPS1L1;PRUNE1;RRM1;RRM2;XDH,0.0462817835238852,receptor secretion,5.556828061699537,258,26.672774696157784,0.0,0.0,0.38181818181818217,1.0,0.26109090909090904
Muricomes,Adjacent_up,2.0,Betaine Metabolism,AminoAcid_or_Nitrogen,Tumor_vs_Adjacent,3,1.0,2.0,6.0,Module_1__receptor_secretion,80.0,3,ADA;ADA2;ADCY1;ADCY10;ADCY2;ADCY3;ADCY4;ADCY5;ADCY7;ADCY8;ADCY9;ADSL;ADSS1;ADSS2;AK3;AK4;AK7;AK9;ALLC;AMPD2;AMPD3;CANT1;DGUOK;ENPP1;ENPP3;ENPP4;ENTPD1;ENTPD5;GART;GDA;GUCY1A1;GUCY1A2;GUCY1B1;GUCY2C;GUCY2D;GUCY2F;IMPDH2;NME3;NME4;NME7;NPR1;NPR2;NT5C1A;NT5C1B;NT5C1B-RDH14;NT5E;NUDT16;PDE10A;PDE11A;PDE1A;PDE1C;PDE2A;PDE3A;PDE4A;PDE4B;PDE4D;PDE5A;PDE6A;PDE6B;PDE6C;PDE6D;PDE9A;PGM2;PPAT;PRPS1;PRPS1L1;PRUNE1;RRM1;RRM2;XDH,0.0462817835238852,receptor secretion,5.556828061699537,258,26.672774696157784,0.0,0.0,0.38181818181818217,1.0,0.26109090909090904
Azonexus,Tumor_up,2.0,Caffeine Metabolism,AminoAcid_or_Nitrogen,Tumor_vs_Adjacent,3,1.0,4.0,6.0,Module_1__receptor_secretion,77.77777777777777,3,ADA;ADA2;ADCY1;ADCY10;ADCY2;ADCY3;ADCY4;ADCY5;ADCY7;ADCY8;ADCY9;ADSL;ADSS1;ADSS2;AK3;AK4;AK7;AK9;ALLC;AMPD2;AMPD3;CANT1;DGUOK;ENPP1;ENPP3;ENPP4;ENTPD1;ENTPD5;GART;GDA;GUCY1A1;GUCY1A2;GUCY1B1;GUCY2C;GUCY2D;GUCY2F;IMPDH2;NME3;NME4;NME7;NPR1;NPR2;NT5C1A;NT5C1B;NT5C1B-RDH14;NT5E;NUDT16;PDE10A;PDE11A;PDE1A;PDE1C;PDE2A;PDE3A;PDE4A;PDE4B;PDE4D;PDE5A;PDE6A;PDE6B;PDE6C;PDE6D;PDE9A;PGM2;PPAT;PRPS1;PRPS1L1;PRUNE1;RRM1;RRM2;XDH,0.0462817835238852,receptor secretion,5.556828061699537,258,25.93186428793117,0.0,0.0,0.141414141414141,1.0,0.2226262626262625
Cutibacterium,Tumor_up,2.0,Caffeine Metabolism,AminoAcid_or_Nitrogen,Tumor_vs_Adjacent,3,1.0,4.0,6.0,Module_1__receptor_secretion,77.77777777777777,3,ADA;ADA2;ADCY1;ADCY10;ADCY2;ADCY3;ADCY4;ADCY5;ADCY7;ADCY8;ADCY9;ADSL;ADSS1;ADSS2;AK3;AK4;AK7;AK9;ALLC;AMPD2;AMPD3;CANT1;DGUOK;ENPP1;ENPP3;ENPP4;ENTPD1;ENTPD5;GART;GDA;GUCY1A1;GUCY1A2;GUCY1B1;GUCY2C;GUCY2D;GUCY2F;IMPDH2;NME3;NME4;NME7;NPR1;NPR2;NT5C1A;NT5C1B;NT5C1B-RDH14;NT5E;NUDT16;PDE10A;PDE11A;PDE1A;PDE1C;PDE2A;PDE3A;PDE4A;PDE4B;PDE4D;PDE5A;PDE6A;PDE6B;PDE6C;PDE6D;PDE9A;PGM2;PPAT;PRPS1;PRPS1L1;PRUNE1;RRM1;RRM2;XDH,0.0462817835238852,receptor secretion,5.556828061699537,258,25.93186428793117,0.0,0.0,0.141414141414141,1.0,0.2226262626262625
Muricomes,Adjacent_up,2.0,Caffeine Metabolism,AminoAcid_or_Nitrogen,Tumor_vs_Adjacent,3,1.0,4.0,6.0,Module_1__receptor_secretion,77.77777777777777,3,ADA;ADA2;ADCY1;ADCY10;ADCY2;ADCY3;ADCY4;ADCY5;ADCY7;ADCY8;ADCY9;ADSL;ADSS1;ADSS2;AK3;AK4;AK7;AK9;ALLC;AMPD2;AMPD3;CANT1;DGUOK;ENPP1;ENPP3;ENPP4;ENTPD1;ENTPD5;GART;GDA;GUCY1A1;GUCY1A2;GUCY1B1;GUCY2C;GUCY2D;GUCY2F;IMPDH2;NME3;NME4;NME7;NPR1;NPR2;NT5C1A;NT5C1B;NT5C1B-RDH14;NT5E;NUDT16;PDE10A;PDE11A;PDE1A;PDE1C;PDE2A;PDE3A;PDE4A;PDE4B;PDE4D;PDE5A;PDE6A;PDE6B;PDE6C;PDE6D;PDE9A;PGM2;PPAT;PRPS1;PRPS1L1;PRUNE1;RRM1;RRM2;XDH,0.0462817835238852,receptor secretion,5.556828061699537,258,25.93186428793117,0.0,0.0,0.141414141414141,1.0,0.2226262626262625
Veillonella,Adjacent_up,3.0,Bile Acid Biosynthesis,Lipid_or_Membrane,Tumor_vs_Adjacent,3,1.0,4.0,9.0,Module_20__glycosylation_biosynthetic,77.41935483870968,3,BCAN;BGN;CHPF2;CHST11;CHST12;CHST13;CHST3;CHST7;CHST9;CHSY1;CHSY3;CSGALNACT1;CSPG4;CSPG5;DCN;NCAN;UST;VCAN,0.0310951091989203,glycosylation biosynthetic,3.6635616461296463,38,25.52675211496786,0.04734950072377728,0.0,0.10263929618768376,0.2899690826099874,0.09043755914803486
Veillonella,Adjacent_up,3.0,Cardiolipin Biosynthesis,Other,Tumor_vs_Adjacent,3,1.0,1.0,9.0,Module_20__glycosylation_biosynthetic,77.41935483870968,3,BCAN;BGN;CHPF2;CHST11;CHST12;CHST13;CHST3;CHST7;CHST9;CHSY1;CHSY3;CSGALNACT1;CSPG4;CSPG5;DCN;NCAN;UST;VCAN,0.0310951091989203,glycosylation biosynthetic,3.6635616461296463,38,25.52675211496786,0.04734950072377728,0.0,0.10263929618768376,0.2899690826099874,0.09043755914803486
Vibrio,Adjacent_up,3.0,Bile Acid Biosynthesis,Lipid_or_Membrane,Tumor_vs_Adjacent,3,1.0,4.0,9.0,Module_20__glycosylation_biosynthetic,77.41935483870968,3,BCAN;BGN;CHPF2;CHST11;CHST12;CHST13;CHST3;CHST7;CHST9;CHSY1;CHSY3;CSGALNACT1;CSPG4;CSPG5;DCN;NCAN;UST;VCAN,0.0310951091989203,glycosylation biosynthetic,3.6635616461296463,38,25.52675211496786,0.04734950072377728,0.0,0.10263929618768376,0.2899690826099874,0.09043755914803486
Vibrio,Adjacent_up,3.0,Cardiolipin Biosynthesis,Other,Tumor_vs_Adjacent,3,1.0,1.0,9.0,Module_20__glycosylation_biosynthetic,77.41935483870968,3,BCAN;BGN;CHPF2;CHST11;CHST12;CHST13;CHST3;CHST7;CHST9;CHSY1;CHSY3;CSGALNACT1;CSPG4;CSPG5;DCN;NCAN;UST;VCAN,0.0310951091989203,glycosylation biosynthetic,3.6635616461296463,38,25.52675211496786,0.04734950072377728,0.0,0.10263929618768376,0.2899690826099874,0.09043755914803486
Azonexus,Tumor_up,2.0,Biotin Metabolism,AminoAcid_or_Nitrogen,Tumor_vs_Adjacent,3,1.0,2.0,6.0,Module_1__receptor_secretion,76.47058823529412,3,ADA;ADA2;ADCY1;ADCY10;ADCY2;ADCY3;ADCY4;ADCY5;ADCY7;ADCY8;ADCY9;ADSL;ADSS1;ADSS2;AK3;AK4;AK7;AK9;ALLC;AMPD2;AMPD3;CANT1;DGUOK;ENPP1;ENPP3;ENPP4;ENTPD1;ENTPD5;GART;GDA;GUCY1A1;GUCY1A2;GUCY1B1;GUCY2C;GUCY2D;GUCY2F;IMPDH2;NME3;NME4;NME7;NPR1;NPR2;NT5C1A;NT5C1B;NT5C1B-RDH14;NT5E;NUDT16;PDE10A;PDE11A;PDE1A;PDE1C;PDE2A;PDE3A;PDE4A;PDE4B;PDE4D;PDE5A;PDE6A;PDE6B;PDE6C;PDE6D;PDE9A;PGM2;PPAT;PRPS1;PRPS1L1;PRUNE1;RRM1;RRM2;XDH,0.0462817835238852,receptor secretion,5.556828061699537,258,25.49603463603317,0.0,0.0,0.0,1.0,0.19999999999999996
Cutibacterium,Tumor_up,2.0,Biotin Metabolism,AminoAcid_or_Nitrogen,Tumor_vs_Adjacent,3,1.0,2.0,6.0,Module_1__receptor_secretion,76.47058823529412,3,ADA;ADA2;ADCY1;ADCY10;ADCY2;ADCY3;ADCY4;ADCY5;ADCY7;ADCY8;ADCY9;ADSL;ADSS1;ADSS2;AK3;AK4;AK7;AK9;ALLC;AMPD2;AMPD3;CANT1;DGUOK;ENPP1;ENPP3;ENPP4;ENTPD1;ENTPD5;GART;GDA;GUCY1A1;GUCY1A2;GUCY1B1;GUCY2C;GUCY2D;GUCY2F;IMPDH2;NME3;NME4;NME7;NPR1;NPR2;NT5C1A;NT5C1B;NT5C1B-RDH14;NT5E;NUDT16;PDE10A;PDE11A;PDE1A;PDE1C;PDE2A;PDE3A;PDE4A;PDE4B;PDE4D;PDE5A;PDE6A;PDE6B;PDE6C;PDE6D;PDE9A;PGM2;PPAT;PRPS1;PRPS1L1;PRUNE1;RRM1;RRM2;XDH,0.0462817835238852,receptor secretion,5.556828061699537,258,25.49603463603317,0.0,0.0,0.0,1.0,0.19999999999999996
Muricomes,Adjacent_up,2.0,Biotin Metabolism,AminoAcid_or_Nitrogen,Tumor_vs_Adjacent,3,1.0,2.0,6.0,Module_1__receptor_secretion,76.47058823529412,3,ADA;ADA2;ADCY1;ADCY10;ADCY2;ADCY3;ADCY4;ADCY5;ADCY7;ADCY8;ADCY9;ADSL;ADSS1;ADSS2;AK3;AK4;AK7;AK9;ALLC;AMPD2;AMPD3;CANT1;DGUOK;ENPP1;ENPP3;ENPP4;ENTPD1;ENTPD5;GART;GDA;GUCY1A1;GUCY1A2;GUCY1B1;GUCY2C;GUCY2D;GUCY2F;IMPDH2;NME3;NME4;NME7;NPR1;NPR2;NT5C1A;NT5C1B;NT5C1B-RDH14;NT5E;NUDT16;PDE10A;PDE11A;PDE1A;PDE1C;PDE2A;PDE3A;PDE4A;PDE4B;PDE4D;PDE5A;PDE6A;PDE6B;PDE6C;PDE6D;PDE9A;PGM2;PPAT;PRPS1;PRPS1L1;PRUNE1;RRM1;RRM2;XDH,0.0462817835238852,receptor secretion,5.556828061699537,258,25.49603463603317,0.0,0.0,0.0,1.0,0.19999999999999996
Veillonella,Adjacent_up,3.0,Beta Oxidation of Very Long Chain Fatty Acids,Lipid_or_Membrane,Tumor_vs_Adjacent,3,1.0,2.0,9.0,Module_72__amino_catabolic,85.71428571428571,3,ABCB11;ABCC9;ABCD1;ABCD2;ABCD3;ABCD4;ACAA1;ACAA2;ACACB;ACAD10;ACAD11;ACADL;ACOX1;ACOX3;ACOXL;ACSM1;ADH5;ADH7;ADIPOR2;AKT1;AKT2;ALOX15;AMACR;APPL2;AUH;CPT1A;CPT1B;CPT2;CRAT;CROT;DECR1;DGAT2;ECHDC2;ECI1;ECI2;EHHADH;ETFB;ETFBKMT;ETFDH;FMO1;FMO2;FMO4;GDF15;HACL1;HADHA;HADHB;HAO1;HSD17B4;IRS1;KLHL25;LONP2;MAPK14;PDK4;PEX13;PEX2;PEX5;PEX7;PHYH;PLIN5;POR;PPARA;PPARD;PPARGC1A;PRKAA1;PRKAG2;SLC27A2;SOX9;TYSND1,0.0059380305333084,amino catabolic,3.1354942159291497,22,24.188098237167722,0.04734950072377728,0.0,1.0,0.09192817361505157,0.2258634558022049
Vibrio,Adjacent_up,3.0,Beta Oxidation of Very Long Chain Fatty Acids,Lipid_or_Membrane,Tumor_vs_Adjacent,3,1.0,2.0,9.0,Module_72__amino_catabolic,85.71428571428571,3,ABCB11;ABCC9;ABCD1;ABCD2;ABCD3;ABCD4;ACAA1;ACAA2;ACACB;ACAD10;ACAD11;ACADL;ACOX1;ACOX3;ACOXL;ACSM1;ADH5;ADH7;ADIPOR2;AKT1;AKT2;ALOX15;AMACR;APPL2;AUH;CPT1A;CPT1B;CPT2;CRAT;CROT;DECR1;DGAT2;ECHDC2;ECI1;ECI2;EHHADH;ETFB;ETFBKMT;ETFDH;FMO1;FMO2;FMO4;GDF15;HACL1;HADHA;HADHB;HAO1;HSD17B4;IRS1;KLHL25;LONP2;MAPK14;PDK4;PEX13;PEX2;PEX5;PEX7;PHYH;PLIN5;POR;PPARA;PPARD;PPARGC1A;PRKAA1;PRKAG2;SLC27A2;SOX9;TYSND1,0.0059380305333084,amino catabolic,3.1354942159291497,22,24.188098237167722,0.04734950072377728,0.0,1.0,0.09192817361505157,0.2258634558022049
Veillonella,Adjacent_up,3.0,Catecholamine Biosynthesis,Lipid_or_Membrane,Tumor_vs_Adjacent,3,0.606,6.0,9.0,Module_52__metabolic_biosynthetic,83.33333333333333,3,ALDH2;ATP7A;DAO;DBH;DDC;GATA3;GCH1;GPR37;HAND2;HDC;INSM1;KL;MOXD1;NR4A2;NT5DC2;PAH;PARK7;SLC6A3;SNCA;TGFB2;TH,0.0023569870235409,metabolic biosynthetic,2.8903717578961645,17,21.67778818422123,0.04734950072377728,0.0,0.7424242424242424,0.0,0.1605804936697406
Vibrio,Adjacent_up,3.0,Catecholamine Biosynthesis,Lipid_or_Membrane,Tumor_vs_Adjacent,3,0.606,6.0,9.0,Module_52__metabolic_biosynthetic,83.33333333333333,3,ALDH2;ATP7A;DAO;DBH;DDC;GATA3;GCH1;GPR37;HAND2;HDC;INSM1;KL;MOXD1;NR4A2;NT5DC2;PAH;PARK7;SLC6A3;SNCA;TGFB2;TH,0.0023569870235409,metabolic biosynthetic,2.8903717578961645,17,21.67778818422123,0.04734950072377728,0.0,0.7424242424242424,0.0,0.1605804936697406
Azonexus,Tumor_up,2.0,Bile Acid Biosynthesis,Lipid_or_Membrane,Tumor_vs_Adjacent,3,1.0,4.0,6.0,Module_20__glycosylation_biosynthetic,77.41935483870968,3,BCAN;BGN;CHPF2;CHST11;CHST12;CHST13;CHST3;CHST7;CHST9;CHSY1;CHSY3;CSGALNACT1;CSPG4;CSPG5;DCN;NCAN;UST;VCAN,0.0310951091989203,glycosylation biosynthetic,3.6635616461296463,38,17.017834743311905,0.0,0.0,0.10263929618768376,0.2899690826099874,0.07733118685732321
Azonexus,Tumor_up,2.0,Cardiolipin Biosynthesis,Other,Tumor_vs_Adjacent,3,1.0,1.0,6.0,Module_20__glycosylation_biosynthetic,77.41935483870968,3,BCAN;BGN;CHPF2;CHST11;CHST12;CHST13;CHST3;CHST7;CHST9;CHSY1;CHSY3;CSGALNACT1;CSPG4;CSPG5;DCN;NCAN;UST;VCAN,0.0310951091989203,glycosylation biosynthetic,3.6635616461296463,38,17.017834743311905,0.0,0.0,0.10263929618768376,0.2899690826099874,0.07733118685732321
Cutibacterium,Tumor_up,2.0,Bile Acid Biosynthesis,Lipid_or_Membrane,Tumor_vs_Adjacent,3,1.0,4.0,6.0,Module_20__glycosylation_biosynthetic,77.41935483870968,3,BCAN;BGN;CHPF2;CHST11;CHST12;CHST13;CHST3;CHST7;CHST9;CHSY1;CHSY3;CSGALNACT1;CSPG4;CSPG5;DCN;NCAN;UST;VCAN,0.0310951091989203,glycosylation biosynthetic,3.6635616461296463,38,17.017834743311905,0.0,0.0,0.10263929618768376,0.2899690826099874,0.07733118685732321
Cutibacterium,Tumor_up,2.0,Cardiolipin Biosynthesis,Other,Tumor_vs_Adjacent,3,1.0,1.0,6.0,Module_20__glycosylation_biosynthetic,77.41935483870968,3,BCAN;BGN;CHPF2;CHST11;CHST12;CHST13;CHST3;CHST7;CHST9;CHSY1;CHSY3;CSGALNACT1;CSPG4;CSPG5;DCN;NCAN;UST;VCAN,0.0310951091989203,glycosylation biosynthetic,3.6635616461296463,38,17.017834743311905,0.0,0.0,0.10263929618768376,0.2899690826099874,0.07733118685732321
Muricomes,Adjacent_up,2.0,Bile Acid Biosynthesis,Lipid_or_Membrane,Tumor_vs_Adjacent,3,1.0,4.0,6.0,Module_20__glycosylation_biosynthetic,77.41935483870968,3,BCAN;BGN;CHPF2;CHST11;CHST12;CHST13;CHST3;CHST7;CHST9;CHSY1;CHSY3;CSGALNACT1;CSPG4;CSPG5;DCN;NCAN;UST;VCAN,0.0310951091989203,glycosylation biosynthetic,3.6635616461296463,38,17.017834743311905,0.0,0.0,0.10263929618768376,0.2899690826099874,0.07733118685732321
Muricomes,Adjacent_up,2.0,Cardiolipin Biosynthesis,Other,Tumor_vs_Adjacent,3,1.0,1.0,6.0,Module_20__glycosylation_biosynthetic,77.41935483870968,3,BCAN;BGN;CHPF2;CHST11;CHST12;CHST13;CHST3;CHST7;CHST9;CHSY1;CHSY3;CSGALNACT1;CSPG4;CSPG5;DCN;NCAN;UST;VCAN,0.0310951091989203,glycosylation biosynthetic,3.6635616461296463,38,17.017834743311905,0.0,0.0,0.10263929618768376,0.2899690826099874,0.07733118685732321
Azonexus,Tumor_up,2.0,Beta Oxidation of Very Long Chain Fatty Acids,Lipid_or_Membrane,Tumor_vs_Adjacent,3,1.0,2.0,6.0,Module_72__amino_catabolic,85.71428571428571,3,ABCB11;ABCC9;ABCD1;ABCD2;ABCD3;ABCD4;ACAA1;ACAA2;ACACB;ACAD10;ACAD11;ACADL;ACOX1;ACOX3;ACOXL;ACSM1;ADH5;ADH7;ADIPOR2;AKT1;AKT2;ALOX15;AMACR;APPL2;AUH;CPT1A;CPT1B;CPT2;CRAT;CROT;DECR1;DGAT2;ECHDC2;ECI1;ECI2;EHHADH;ETFB;ETFBKMT;ETFDH;FMO1;FMO2;FMO4;GDF15;HACL1;HADHA;HADHB;HAO1;HSD17B4;IRS1;KLHL25;LONP2;MAPK14;PDK4;PEX13;PEX2;PEX5;PEX7;PHYH;PLIN5;POR;PPARA;PPARD;PPARGC1A;PRKAA1;PRKAG2;SLC27A2;SOX9;TYSND1,0.0059380305333084,amino catabolic,3.1354942159291497,22,16.125398824778483,0.0,0.0,1.0,0.09192817361505157,0.21470850777840822
Cutibacterium,Tumor_up,2.0,Beta Oxidation of Very Long Chain Fatty Acids,Lipid_or_Membrane,Tumor_vs_Adjacent,3,1.0,2.0,6.0,Module_72__amino_catabolic,85.71428571428571,3,ABCB11;ABCC9;ABCD1;ABCD2;ABCD3;ABCD4;ACAA1;ACAA2;ACACB;ACAD10;ACAD11;ACADL;ACOX1;ACOX3;ACOXL;ACSM1;ADH5;ADH7;ADIPOR2;AKT1;AKT2;ALOX15;AMACR;APPL2;AUH;CPT1A;CPT1B;CPT2;CRAT;CROT;DECR1;DGAT2;ECHDC2;ECI1;ECI2;EHHADH;ETFB;ETFBKMT;ETFDH;FMO1;FMO2;FMO4;GDF15;HACL1;HADHA;HADHB;HAO1;HSD17B4;IRS1;KLHL25;LONP2;MAPK14;PDK4;PEX13;PEX2;PEX5;PEX7;PHYH;PLIN5;POR;PPARA;PPARD;PPARGC1A;PRKAA1;PRKAG2;SLC27A2;SOX9;TYSND1,0.0059380305333084,amino catabolic,3.1354942159291497,22,16.125398824778483,0.0,0.0,1.0,0.09192817361505157,0.21470850777840822
Muricomes,Adjacent_up,2.0,Beta Oxidation of Very Long Chain Fatty Acids,Lipid_or_Membrane,Tumor_vs_Adjacent,3,1.0,2.0,6.0,Module_72__amino_catabolic,85.71428571428571,3,ABCB11;ABCC9;ABCD1;ABCD2;ABCD3;ABCD4;ACAA1;ACAA2;ACACB;ACAD10;ACAD11;ACADL;ACOX1;ACOX3;ACOXL;ACSM1;ADH5;ADH7;ADIPOR2;AKT1;AKT2;ALOX15;AMACR;APPL2;AUH;CPT1A;CPT1B;CPT2;CRAT;CROT;DECR1;DGAT2;ECHDC2;ECI1;ECI2;EHHADH;ETFB;ETFBKMT;ETFDH;FMO1;FMO2;FMO4;GDF15;HACL1;HADHA;HADHB;HAO1;HSD17B4;IRS1;KLHL25;LONP2;MAPK14;PDK4;PEX13;PEX2;PEX5;PEX7;PHYH;PLIN5;POR;PPARA;PPARD;PPARGC1A;PRKAA1;PRKAG2;SLC27A2;SOX9;TYSND1,0.0059380305333084,amino catabolic,3.1354942159291497,22,16.125398824778483,0.0,0.0,1.0,0.09192817361505157,0.21470850777840822
Azonexus,Tumor_up,2.0,Catecholamine Biosynthesis,Lipid_or_Membrane,Tumor_vs_Adjacent,3,0.606,6.0,6.0,Module_52__metabolic_biosynthetic,83.33333333333333,3,ALDH2;ATP7A;DAO;DBH;DDC;GATA3;GCH1;GPR37;HAND2;HDC;INSM1;KL;MOXD1;NR4A2;NT5DC2;PAH;PARK7;SLC6A3;SNCA;TGFB2;TH,0.0023569870235409,metabolic biosynthetic,2.8903717578961645,17,14.451858789480823,0.0,0.0,0.7424242424242424,0.0,0.14848484848484844
Cutibacterium,Tumor_up,2.0,Catecholamine Biosynthesis,Lipid_or_Membrane,Tumor_vs_Adjacent,3,0.606,6.0,6.0,Module_52__metabolic_biosynthetic,83.33333333333333,3,ALDH2;ATP7A;DAO;DBH;DDC;GATA3;GCH1;GPR37;HAND2;HDC;INSM1;KL;MOXD1;NR4A2;NT5DC2;PAH;PARK7;SLC6A3;SNCA;TGFB2;TH,0.0023569870235409,metabolic biosynthetic,2.8903717578961645,17,14.451858789480823,0.0,0.0,0.7424242424242424,0.0,0.14848484848484844
Muricomes,Adjacent_up,2.0,Catecholamine Biosynthesis,Lipid_or_Membrane,Tumor_vs_Adjacent,3,0.606,6.0,6.0,Module_52__metabolic_biosynthetic,83.33333333333333,3,ALDH2;ATP7A;DAO;DBH;DDC;GATA3;GCH1;GPR37;HAND2;HDC;INSM1;KL;MOXD1;NR4A2;NT5DC2;PAH;PARK7;SLC6A3;SNCA;TGFB2;TH,0.0023569870235409,metabolic biosynthetic,2.8903717578961645,17,14.451858789480823,0.0,0.0,0.7424242424242424,0.0,0.14848484848484844
